"Zona geogr√°fica","Li","Na","Mg","Al","Ca","Ti","V","Cr","Mn","Fe","Co","Ni","Cu","Zn","As","Se","Rb","Sr","Mo","Pd","Ag","Cd","Sn","Sb","Hg","207_Pb","208_Pb","Columna58","Columna59","Columna60","Columna61","Columna62","Columna63","Columna64","Columna65","Columna66","Columna67","Columna68","Columna69","Columna70","Columna71","Columna72","Columna73","Columna74","Columna75","Columna76","Columna77","Columna78","Columna79","Columna80","Columna81","Columna82","Columna83","Columna84","Columna85","Columna86","Columna87","Columna88","Columna89","Columna90","Columna91","Columna92","Columna93","Columna94","Columna95","Columna96","Columna97","Columna98","Columna99","Columna100","Columna101","Columna102","Columna103","Columna104","Columna105","Columna106","Columna107","Columna108","Columna109","Columna110","Columna111","Columna112","Columna113","Columna114","Columna115","Columna116","Columna117","Columna118","Columna119","Columna120","Columna121","Columna122","Columna123","Columna124","Columna125","Columna126","Columna127","Columna128","Columna129","Columna130","Columna131","Columna132","Columna133","Columna134","Columna135","Columna136","Columna137","Columna138","Columna139","Columna140","Columna141","Columna142","Columna143","Columna144","Columna145","Columna146"
"Valle de Uco",0.09948276187593,5.22648480637098,26.4801861822685,35.4394507692934,23.3645606596174,0.093036051259471,0.005484752059416,0.031463616492716,0.835643394059765,3.52314227431811,0.009673367115242,0.064108978221415,0.346839571228289,1.71336431785675,0.004186817318822,0.0001,0.306413914960211,0.217760521398625,0.0001,0.026126383521832,0.0001,0.000681339100297,0.052694635346341,0.024951953506349,0.0001,0.02510883663797,0.026957118423552,,,,,,,,,,,,,,,,,,,,,,,,,,,,,,,,,,,,,,,,,,,,,,,,,,,,,,,,,,,,,,,,,,,,,,,,,,,,,,,,,,,,,,,,,
"Valle de Uco",0.0001,1.40243218828111,77.372908365009,1.70815066975338,59.5708357062324,0.054116245830368,0.006203157705094,0.0001,1.58559802800663,2.34952817376184,0.004376513025396,0.104786872548017,0.423730282264864,0.840072292367824,0.006748433616676,0.0001,0.391530153244366,0.228173236528957,0.024817301465645,0.026261073549071,0.010472890640784,0.000152277672475,0.053334813779546,0.043690494578975,0.06456660104563,0.0001,0.000977830130155,,,,,,,,,,,,,,,,,,,,,,,,,,,,,,,,,,,,,,,,,,,,,,,,,,,,,,,,,,,,,,,,,,,,,,,,,,,,,,,,,,,,,,,,,
"Valle de Uco",0.068637922463121,1.12530503833834,80.7750786838706,3.54119245139251,43.9452119733088,0.02464857900957,0.0001,0.051682076592602,1.56849409798163,2.31809201355011,0.001809319273429,0.0001,0.45549595898875,0.800149299345527,0.009031556349376,0.014932802948865,0.254342271877359,0.163566606120543,0.013221625133409,0.024873896002846,0.0001,0.000173530902662,0.087439062270145,0.050327298303871,0.040721209447902,0.004746094758146,0.004582668859527,,,,,,,,,,,,,,,,,,,,,,,,,,,,,,,,,,,,,,,,,,,,,,,,,,,,,,,,,,,,,,,,,,,,,,,,,,,,,,,,,,,,,,,,,
"Valle de Uco",0.181933860951113,2.78243335803272,11.5766909668442,2.84210143700019,22.6631540752476,0.111898453740173,0.008782344935717,0.0001,0.236174600881755,3.14419353737502,0.004499931234099,0.011321033163002,0.175126849904264,0.850378909059334,0.0001,0.0001,0.119170312651276,0.118721969280516,0.0001,0.091120050274491,0.0001,0.000415645313442,0.088841830204327,0.030535757968433,0.0001,0.018996200404748,0.026374268863564,,,,,,,,,,,,,,,,,,,,,,,,,,,,,,,,,,,,,,,,,,,,,,,,,,,,,,,,,,,,,,,,,,,,,,,,,,,,,,,,,,,,,,,,,
"Valle de Uco",0.079770200642215,1.18897966167377,10.3220181628811,2.25634970364816,11.9372398090194,0.06738267057765,0.001744685754582,0.02412505364883,0.180640174288639,3.00306059642701,0.002232756600124,0.173599756362186,0.144274592297185,4.01925542430385,0.001160938255735,0.0001,0.094409167205243,0.132678997600681,0.0001,0.013452224560569,0.0001,0.003291394265193,0.074878744904158,0.038149942799934,0.00811384151012,0.043270921070658,0.043817944087745,,,,,,,,,,,,,,,,,,,,,,,,,,,,,,,,,,,,,,,,,,,,,,,,,,,,,,,,,,,,,,,,,,,,,,,,,,,,,,,,,,,,,,,,,
"Valle de Uco",0.060981122969601,3.69754845561311,46.4658833522442,1.82952189446304,32.732943044806,0.036701319986973,6.528409525692E-05,0.046175437861916,1.04442390785297,7.34579731599877,0.005675191331528,0.040984236781405,0.372801107111515,1.07731264550979,0.006681537461688,0.0001,0.370053116393526,0.216089849757535,0.0001,0.088022519267571,0.0001,0.000924578180489,0.072461306126972,0.054037393649614,0.009697715048642,0.018410805996587,0.018798721466387,,,,,,,,,,,,,,,,,,,,,,,,,,,,,,,,,,,,,,,,,,,,,,,,,,,,,,,,,,,,,,,,,,,,,,,,,,,,,,,,,,,,,,,,,
"Valle de Uco",0.032906462866727,1.63685878086746,65.6014530541112,2.160082780794,46.2764376782521,0.091189745318883,0.007187511388445,0.00606364370871,1.36151475385294,4.12244577863753,0.004746707585895,0.0001,0.391693860751656,0.966947225617098,0.007975695949056,0.003698607421897,0.351307848554059,0.236345140503455,0.023729269797029,0.024606772803802,0.0001,0.000233660108014,0.065061826396757,0.040770487694415,0.047126498812969,0.006929242281243,0.007845789797473,,,,,,,,,,,,,,,,,,,,,,,,,,,,,,,,,,,,,,,,,,,,,,,,,,,,,,,,,,,,,,,,,,,,,,,,,,,,,,,,,,,,,,,,,
"Valle de Uco",0.060275280847232,1.69824800377329,39.177451928005,5.40104670380862,33.1586750096141,0.121759451358953,0.004552229209788,0.011167240191839,0.710667039934109,4.78181421718389,0.002895483195636,0.046567466297413,0.320381574904965,1.7300209084141,0.007083000415847,0.007870504088941,0.171804451915569,0.28182332416411,0.0001,0.016195289806504,0.0001,0.001242303985795,0.488028704167266,0.028137892801325,0.031774414705955,0.04930943996671,0.051062854232358,,,,,,,,,,,,,,,,,,,,,,,,,,,,,,,,,,,,,,,,,,,,,,,,,,,,,,,,,,,,,,,,,,,,,,,,,,,,,,,,,,,,,,,,,
"Valle de Uco",0.0001,3.93376727711451,54.6937714745373,2.84123780583856,44.1512990498604,0.089015391271601,0.010766941793693,0.0001,1.38392777465948,4.64630678222496,0.008398189700439,0.0001,0.424790400103531,1.28191211717736,0.00659440318984,0.000289990369515,0.412333699149665,0.22325041886358,0.00268868835447,0.04111294558991,0.000165317449425,0.000559956152112,0.122721082167599,0.045400651005073,0.0001,0.024248217675586,0.032128923654013,,,,,,,,,,,,,,,,,,,,,,,,,,,,,,,,,,,,,,,,,,,,,,,,,,,,,,,,,,,,,,,,,,,,,,,,,,,,,,,,,,,,,,,,,
"Valle de Uco",0.240411835041823,1.1424803746253,9.22959842577598,3.62323223955896,18.6749629889758,0.061360683273588,0.001438642677728,0.013986519404225,0.136581963299081,3.08093942480273,0.001972618820323,0.0001,0.104737110646117,0.651685889134985,0.002225609100228,0.0001,0.107927873247472,0.114105966015961,0.029916688789371,0.047119908523833,0.013730940372902,0.000105158709396,0.075304340168045,0.027099965385387,0.038084872368496,0.02052101896609,0.020433597760518,,,,,,,,,,,,,,,,,,,,,,,,,,,,,,,,,,,,,,,,,,,,,,,,,,,,,,,,,,,,,,,,,,,,,,,,,,,,,,,,,,,,,,,,,
"Valle de Uco",0.189523800977338,1.7856238403877,8.93875951577743,1.19754778205311,20.6607716435485,0.089234593947907,0.00361817267845,0.0001,0.10908999848696,6.75156804977269,0.002754384806206,0.897531864239275,0.129367380404825,1.12545734942594,0.043332649483354,0.044138443064042,0.118710148180737,0.118191020944324,0.005234673800001,0.00946205552172,0.0001,0.00100619528311,1.28032901155065,0.039003847596836,0.0001,0.008533486810895,0.017213337745794,,,,,,,,,,,,,,,,,,,,,,,,,,,,,,,,,,,,,,,,,,,,,,,,,,,,,,,,,,,,,,,,,,,,,,,,,,,,,,,,,,,,,,,,,
"Valle de Uco",0.320959520374767,1.30000651351646,10.3210126309881,7.64666258892484,19.0175760683325,0.09826909216254,0.003282909676028,0.011205669445102,0.25775419518639,3.4014139604343,0.002221126612204,0.012589869256376,0.142695873071266,0.942520203392299,0.002267434473612,0.005866133381063,0.102683024190464,0.132712399655243,0.0001,0.035033724521163,0.0001,0.000424102539635,0.074362364293847,0.036812278691433,0.0001,0.040682502689537,0.04182846801248,,,,,,,,,,,,,,,,,,,,,,,,,,,,,,,,,,,,,,,,,,,,,,,,,,,,,,,,,,,,,,,,,,,,,,,,,,,,,,,,,,,,,,,,,
"Valle de Uco",0.0001,1.63806262151876,41.8490185520194,1.38947118994034,30.6559686896466,0.030242750262328,0.002484430119613,0.0001,0.851576584421875,7.13048221841137,0.003990895949396,0.0001,0.325424225607691,0.696596987708142,0.002402932376436,0.001759737907619,0.251282487314045,0.14364859954091,0.0001,0.02192035429356,0.00892749969661,8.43377686638765E-05,0.069668881531284,0.047817048031012,0.0001,4.15648350841835E-05,0.008262214966956,,,,,,,,,,,,,,,,,,,,,,,,,,,,,,,,,,,,,,,,,,,,,,,,,,,,,,,,,,,,,,,,,,,,,,,,,,,,,,,,,,,,,,,,,
"Valle de Uco",0.0001,1.13279396656261,68.7776968196186,1.08661085947623,51.0924975771842,0.040820053462313,0.003501442336348,0.0001,1.40091543606573,2.91417936051286,0.004358690201858,0.0001,0.394894336767301,1.08551919928977,0.003762660449361,0.008481483190554,0.334286086084685,0.168549063502915,0.003528608600311,0.010820889395923,0.0001,0.000171777676773,0.098760631571715,0.027797767094271,0.01616295550112,0.025738387413434,0.034914297524069,,,,,,,,,,,,,,,,,,,,,,,,,,,,,,,,,,,,,,,,,,,,,,,,,,,,,,,,,,,,,,,,,,,,,,,,,,,,,,,,,,,,,,,,,
"Valle de Uco",0.0001,1.03562304575203,78.7543439099395,0.856983980449979,51.463987430865,0.039237176665514,0.00329635973277,0.0001,1.59957928023791,1.92614699110913,0.003203447510311,0.0001,0.419195138812836,1.72474241559047,0.007425774433378,0.0001,0.273529817744439,0.145530170058266,0.0001,0.004101496513039,0.0001,0.000318131317956,0.084222749317671,0.067583859914333,0.0001,0.0001,0.004303668752333,,,,,,,,,,,,,,,,,,,,,,,,,,,,,,,,,,,,,,,,,,,,,,,,,,,,,,,,,,,,,,,,,,,,,,,,,,,,,,,,,,,,,,,,,
"Valle de Uco",0.03426468655856,1.02161350169804,37.0408272202074,0.752294475079391,24.7815917589865,0.033479026212704,0.0001,0.006793098541602,0.653214439706237,1.54655002134181,0.001814020912514,0.001294152242027,0.2421186422289,0.549738687425874,0.003987349298546,0.000504648496802,0.169092260296901,0.096232592256294,0.0001,0.039458997873613,0.0001,0.0001,0.093694185029416,0.034047499307871,0.022801302835584,0.012795963275266,0.013356893224316,,,,,,,,,,,,,,,,,,,,,,,,,,,,,,,,,,,,,,,,,,,,,,,,,,,,,,,,,,,,,,,,,,,,,,,,,,,,,,,,,,,,,,,,,
"Valle de Uco",0.044527213102825,1.44685152522781,59.8420919875554,3.09909923128219,42.510385336809,0.04413318986646,0.000619992152919,0.008478668926138,1.14581386620461,2.54005619156543,0.002091864289359,0.0001,0.430476143408761,0.871817072506474,0.006068885875319,0.005414079125551,0.252035009708055,0.186374800331521,0.0001,0.0176237159681,0.004148951777711,0.0005620468846,0.071899557997121,0.092392611901941,0.03185973249403,0.021312889357468,0.022033274179196,,,,,,,,,,,,,,,,,,,,,,,,,,,,,,,,,,,,,,,,,,,,,,,,,,,,,,,,,,,,,,,,,,,,,,,,,,,,,,,,,,,,,,,,,
"Valle de Uco",0.1611751544352,1.01879786116906,9.98053203682629,1.19878232528365,16.7377066406293,0.030036991604394,0.0001,0.024628117078542,0.059114846857289,1.08442741618021,0.001543405794005,0.005224463264823,0.104782212879,0.604601665694666,0.00239060848827,0.003890749523004,0.084769255381974,0.070723922374421,0.002956094017671,0.04377171077207,0.0001,0.000356962176094,0.061589929071356,0.027989022147228,0.039622185846617,0.010637405537557,0.010310016007596,,,,,,,,,,,,,,,,,,,,,,,,,,,,,,,,,,,,,,,,,,,,,,,,,,,,,,,,,,,,,,,,,,,,,,,,,,,,,,,,,,,,,,,,,
"Valle de Uco",0.067117417499017,6.49978568304844,33.5188425898785,1.11409304574101,23.6562276827759,0.037827942346142,0.000984254982827,0.014806629470135,1.00114105318578,2.10968303225961,0.008487888518464,0.0001,0.238077599167872,0.7107164440965,0.007235313975242,0.001222616375837,0.235837166324584,0.223508515764413,0.005402759781035,0.01200791160448,0.0001,0.000219469289717,0.24769972400554,0.020301374024765,0.116789043781086,0.012866801353669,0.013809476154425,,,,,,,,,,,,,,,,,,,,,,,,,,,,,,,,,,,,,,,,,,,,,,,,,,,,,,,,,,,,,,,,,,,,,,,,,,,,,,,,,,,,,,,,,
"Valle de Uco",0.0001,1.76868564346806,53.5187215644306,27.5737083768235,43.1846787991876,0.071393622652626,0.007204500176556,0.0001,1.12639289506547,3.10418540350428,0.004334239395399,0.0001,0.384888322233587,1.41163953862022,0.005888879489635,0.002372857736903,0.2945167105562,0.258154284467929,0.013805524295128,0.014353689185225,4.19279228796425E-05,0.003720181981564,0.116322109266607,0.027969529065992,0.018487485767781,0.038220572070973,0.048168200418193,,,,,,,,,,,,,,,,,,,,,,,,,,,,,,,,,,,,,,,,,,,,,,,,,,,,,,,,,,,,,,,,,,,,,,,,,,,,,,,,,,,,,,,,,
"Valle de Uco",0.0001,5.74783171558831,23.1604358658181,3.12561608339051,25.192701551927,0.106661194448466,0.007768582221199,0.003978407017734,0.706495980393785,6.2914197778393,0.010584397731455,0.014724419659212,0.261340394798655,1.4489975533821,0.002296864148229,0.0001,0.308354102770061,0.226052063419736,0.000239249520638,0.042838918016889,0.002257235336352,0.000372191053521,0.064642304237709,0.02823686397118,0.0001,0.055772715846915,0.067939420040215,,,,,,,,,,,,,,,,,,,,,,,,,,,,,,,,,,,,,,,,,,,,,,,,,,,,,,,,,,,,,,,,,,,,,,,,,,,,,,,,,,,,,,,,,
"Valle de Uco",0.011240556151731,1.12670495137476,58.7628529697965,0.377650485605397,33.5032839914491,0.03245272541515,0.0001,0.008071346637075,1.10728021530334,2.37189835242221,0.001649389560507,0.006848112727909,0.4279639845673,0.893874592948693,0.008513044091752,0.0001,0.25739443047468,0.142763875666725,0.026329546752784,0.080135978194543,0.023710074723726,0.002022528236762,0.154590361696389,0.053465370772516,0.045661908624427,0.022538750880305,0.022976375011134,,,,,,,,,,,,,,,,,,,,,,,,,,,,,,,,,,,,,,,,,,,,,,,,,,,,,,,,,,,,,,,,,,,,,,,,,,,,,,,,,,,,,,,,,
"Valle de Uco",5.42746730003406E-05,2.88422176915879,19.5725115162598,1.84016146104815,21.9286511269084,0.055822687245043,0.000220543076504,0.040940235032366,0.440065685781202,4.28099621978829,0.006076850343423,0.0001,0.195414016206223,1.06971168858354,0.005396221468745,0.006826424516838,0.304126423778755,0.192850393286244,0.062958866567522,0.115054510686747,0.057428067448642,0.000596003048662,0.067363743917412,0.035652824617232,0.064566645855236,0.019374850725082,0.019244104899509,,,,,,,,,,,,,,,,,,,,,,,,,,,,,,,,,,,,,,,,,,,,,,,,,,,,,,,,,,,,,,,,,,,,,,,,,,,,,,,,,,,,,,,,,
"Valle de Uco",0.110343666690024,1.11501089519667,40.562771670368,3.41682999299329,26.7506719708575,0.102088050779272,0.00324990580512,0.016425227784936,0.916519098437118,4.68877805349987,0.003183321599733,0.0001,0.287256083567176,1.10075270624299,0.004837677641206,0.001427670153858,0.180455327702756,0.15818072932646,0.0001,0.030986794126391,0.0001,0.000219689643017,0.068188810257408,0.030342454928843,0.046712699073776,0.030545043506894,0.031612235057717,,,,,,,,,,,,,,,,,,,,,,,,,,,,,,,,,,,,,,,,,,,,,,,,,,,,,,,,,,,,,,,,,,,,,,,,,,,,,,,,,,,,,,,,,
"Valle de Uco",0.0001,7.81476946567836,33.372061262193,2.84038913050752,28.0995880925993,0.110894031681621,0.004542764767197,0.0001,1.01229048988174,7.8282525646925,0.013990526536699,0.0001,0.295171201489968,1.18619665293653,0.005013690774052,0.004001398644596,0.373344220500824,0.222149093318273,0.007107166851535,0.01231615418628,0.000189353508217,0.0001,0.163817378533155,0.041487317240114,0.0001,0.0001,0.002512869096763,,,,,,,,,,,,,,,,,,,,,,,,,,,,,,,,,,,,,,,,,,,,,,,,,,,,,,,,,,,,,,,,,,,,,,,,,,,,,,,,,,,,,,,,,
"Valle de Uco",0.0001,6.59661244540218,29.6528735532755,53.5468412667238,28.1021064181124,0.066521462410522,0.009136561638678,0.0001,0.842323659781198,3.43926840300105,0.010397814078081,0.138257893262199,0.255602706384398,1.54307326239183,0.003661363612462,0.004447564920339,0.273781530163359,0.249773724696531,0.002668784219517,0.00750411562351,0.0001,0.000484679048475,0.073054993358079,0.030849349768286,0.0001,0.006336746570993,0.013817115357063,,,,,,,,,,,,,,,,,,,,,,,,,,,,,,,,,,,,,,,,,,,,,,,,,,,,,,,,,,,,,,,,,,,,,,,,,,,,,,,,,,,,,,,,,
"Valle de Uco",0.0001,5.016313096592,25.9467921456085,0.081773794908683,22.5684009140561,0.040014035865136,0.001964189269248,0.0001,0.648235777543844,1.58202670935239,0.008391647395612,0.0001,0.219971372629806,1.14861274788057,0.003659130996291,0.0001,0.273730703316769,0.210977847546419,0.00770509078836,0.020046190315603,0.021768966444207,0.000244813442181,0.051600374300431,0.035340828750624,0.022685194467431,0.005463499931016,0.013707745957896,,,,,,,,,,,,,,,,,,,,,,,,,,,,,,,,,,,,,,,,,,,,,,,,,,,,,,,,,,,,,,,,,,,,,,,,,,,,,,,,,,,,,,,,,
"Valle de Uco",0.0001,1.71711371358544,12.9675496593701,18.329317510934,17.7670705259803,0.150950127588246,0.009585775925346,0.0001,0.336008133988114,4.44642497520469,0.010431252820999,0.199431351150303,0.181788299337669,1.22714002947973,0.003262246609604,0.0001,0.184682235040615,0.193539506673706,0.0001,0.007682821382629,0.0001,0.0001,0.065595977859108,0.028909502130988,0.0001,0.101517080834059,0.117238040635506,,,,,,,,,,,,,,,,,,,,,,,,,,,,,,,,,,,,,,,,,,,,,,,,,,,,,,,,,,,,,,,,,,,,,,,,,,,,,,,,,,,,,,,,,
"Valle de Uco",0.006921626262527,4.64181757481652,11.7738986143006,3.87343026982074,10.9081195973412,0.04195899152374,0.003457233442897,0.0001,0.253751023125267,2.01230024834361,0.001821501503494,0.0001,0.150746902088296,0.688080333626005,0.000204804422576,0.020319728630686,0.111666519296259,0.165729880509524,0.014099878431019,0.031015958012712,0.009649895954488,0.0001,0.050915635689643,0.03663883585874,0.001626072366027,0.037204091549035,0.048384029949485,,,,,,,,,,,,,,,,,,,,,,,,,,,,,,,,,,,,,,,,,,,,,,,,,,,,,,,,,,,,,,,,,,,,,,,,,,,,,,,,,,,,,,,,,
"Valle de Uco",0.0001,2.28953678514409,12.0292738750409,5.26494661641206,16.3854839256484,0.033651882750585,0.002841684169408,0.0001,0.183502145744556,1.57991509277249,0.007668449869503,0.0001,0.195494398021495,0.686171301650475,0.001502140324434,0.0001,0.208824552022018,0.186978838069567,0.0001,0.012570841606181,0.009627190500934,0.001863585061007,0.141424181115859,0.031690131665522,0.016484591469292,0.018921935614234,0.026881600749618,,,,,,,,,,,,,,,,,,,,,,,,,,,,,,,,,,,,,,,,,,,,,,,,,,,,,,,,,,,,,,,,,,,,,,,,,,,,,,,,,,,,,,,,,
"Valle de Uco",0.046754102936028,1.79237410012094,14.8298097497186,3.00259929861456,20.758124348945,0.048387596840497,0.00536416266282,0.002864936496185,0.337762551589291,2.24471236068067,0.006096522459974,0.041548668543324,0.169011168092359,1.16619348379904,0.003130897455905,0.001204137796714,0.176289313646406,0.406893810378739,0.00321719354937,0.018149443458479,0.005036594934501,0.000561641672938,0.073643402180643,0.027259778243099,0.019504176696205,0.028851850024285,0.029342725494699,,,,,,,,,,,,,,,,,,,,,,,,,,,,,,,,,,,,,,,,,,,,,,,,,,,,,,,,,,,,,,,,,,,,,,,,,,,,,,,,,,,,,,,,,
"Valle de Uco",0.050988612923513,1.30627906472558,12.3847925786133,1.19671155317755,16.591623959089,0.029837119058193,0.000384037957372,0.008949523886034,0.196912379895713,3.195600993547,0.00467273256639,0.0001,0.168585620140905,0.901916959823249,0.005984999087947,0.002642366198074,0.1766684656431,0.239360454196934,0.011138665415386,0.031775787480301,0.0001,0.002313400676819,0.105358553713172,0.026760172097622,0.085856844348729,0.073791560965107,0.07660444898159,,,,,,,,,,,,,,,,,,,,,,,,,,,,,,,,,,,,,,,,,,,,,,,,,,,,,,,,,,,,,,,,,,,,,,,,,,,,,,,,,,,,,,,,,
"Valle de Uco",0.097908253612191,2.628849195925,15.0847846246047,3.57466009007576,12.3590966650039,0.064375959858426,0.000270398294731,0.090028784843501,0.209184385964458,2.15736663012607,0.002903980358536,0.0001,0.430388919961337,0.584340745977834,0.009946859246933,0.0001,0.176687043970869,0.156449664501209,0.0001,0.017422031413834,0.0001,0.002824582461028,0.275457249002845,0.054912085032488,0.017964633718978,0.044687229570668,0.046325282482492,,,,,,,,,,,,,,,,,,,,,,,,,,,,,,,,,,,,,,,,,,,,,,,,,,,,,,,,,,,,,,,,,,,,,,,,,,,,,,,,,,,,,,,,,
"Valle de Uco",0.0001,1.56373278941773,17.8266951525859,57.2630526529533,14.7028198933395,0.047912960842484,0.01154275086014,0.0001,0.242849755290915,7.5197331539991,0.010667104611707,0.0001,0.162603952903507,0.988448560598354,0.003355228404585,0.002582290237857,0.162993823916448,0.178767447220738,0.003491656155551,0.012288843446775,0.0001,0.00343224217971,0.06077311111932,0.033127570360903,0.031262470807564,0.030957310028649,0.040743272625302,,,,,,,,,,,,,,,,,,,,,,,,,,,,,,,,,,,,,,,,,,,,,,,,,,,,,,,,,,,,,,,,,,,,,,,,,,,,,,,,,,,,,,,,,
"Valle de Uco",0.0001,1.94667510775576,10.0919757693554,0.602052307408347,14.1723473362325,0.030524194066632,0.002132004937421,0.0001,0.208542445270776,1.31774070408602,0.008385976418027,0.0001,0.164158406506112,0.933856252197934,0.001527148681762,0.0001,0.168292195999199,0.16648199781001,0.003509510614252,0.012932819215238,0.060466223480791,0.000629357062945,0.062152458361858,0.032175571894638,0.0001,0.017307491324343,0.027401520761187,,,,,,,,,,,,,,,,,,,,,,,,,,,,,,,,,,,,,,,,,,,,,,,,,,,,,,,,,,,,,,,,,,,,,,,,,,,,,,,,,,,,,,,,,
"Valle de Uco",0.012751569929541,2.32700378425058,28.3281572040171,2.15152876807675,20.7023445157048,0.044375876239754,0.004119566017967,0.0001,0.40576278491908,2.83435594015884,0.007015148096944,0.225219254101411,0.32809865657155,1.00905718340508,0.006872112020184,0.002692047471727,0.698470425519328,0.278520515275341,0.024362757004257,0.025953812348501,0.006928311777884,0.004070491329064,0.074886839741013,0.038088139942326,0.060499414715313,0.045705392459391,0.057817177232963,,,,,,,,,,,,,,,,,,,,,,,,,,,,,,,,,,,,,,,,,,,,,,,,,,,,,,,,,,,,,,,,,,,,,,,,,,,,,,,,,,,,,,,,,
"Valle de Uco",0.001203875729609,2.27449663712621,25.8035041624752,1.25299857148756,20.6226886256414,0.044278112894692,0.005442354183386,0.011166589905017,0.431719872184783,4.30781801425504,0.006679039123657,0.01637834278107,0.344974255004474,0.98451985402608,0.062698810131264,0.110524221790532,0.613390040985994,0.267714751406957,0.020743647785143,0.006353144519275,0.0001,0.002757173637328,1.02073506167693,0.030712018940495,0.0001,0.012151768884618,0.02010673138516,,,,,,,,,,,,,,,,,,,,,,,,,,,,,,,,,,,,,,,,,,,,,,,,,,,,,,,,,,,,,,,,,,,,,,,,,,,,,,,,,,,,,,,,,
"Valle de Uco",0.022969312987099,1.4356073559422,11.927786314083,1.23587284671497,14.820541687551,0.031168242775952,0.0001,0.005630150107038,0.165935533364279,1.49351453198126,0.005489891093807,0.0001,0.197441426133853,0.723000185821411,0.00445443037812,0.0001,0.19385870408471,0.150030940315106,0.003178937264995,0.020873943144005,0.0001,0.003583744957592,0.074632136282079,0.035328270780356,0.036588783185573,0.033524872575736,0.034500056932054,,,,,,,,,,,,,,,,,,,,,,,,,,,,,,,,,,,,,,,,,,,,,,,,,,,,,,,,,,,,,,,,,,,,,,,,,,,,,,,,,,,,,,,,,
"Valle de Uco",0.010425350563266,1.59778038991934,12.2024771013865,1.7615083488791,16.064517952361,0.048372957486938,0.002506174129184,0.014562768514918,0.160521054535583,2.32466458713315,0.006415929065765,0.002521629501774,0.17009961700421,0.960982945040444,0.004307405169457,0.003682956882095,0.18294749792051,0.144585248433135,0.015518722267966,0.048117352355414,0.011928462778798,0.002442891452467,0.14427130676019,0.058124139217894,0.041907757513989,0.024042447654611,0.024710089419432,,,,,,,,,,,,,,,,,,,,,,,,,,,,,,,,,,,,,,,,,,,,,,,,,,,,,,,,,,,,,,,,,,,,,,,,,,,,,,,,,,,,,,,,,
"Valle de Uco",0.020018673905451,3.14008280194611,22.5911531639625,0.409622569712569,16.4806172281029,0.023347821517506,0.00344137870216,0.0001,0.296058350095404,1.97256828822079,0.007504420633582,0.001513946280643,0.273280797952709,0.816899888781548,0.002588433663992,0.002812734904431,0.44954462698521,0.22643558769455,0.005430535954052,0.021516219933101,0.011262107407535,0.005435811864236,0.050514847287305,0.035044188421011,0.0001,0.045265552506789,0.056928415870083,,,,,,,,,,,,,,,,,,,,,,,,,,,,,,,,,,,,,,,,,,,,,,,,,,,,,,,,,,,,,,,,,,,,,,,,,,,,,,,,,,,,,,,,,
"Valle de Uco",0.0001,2.24059863442363,11.6111105541123,14.6374719475384,11.3180315642273,0.102293545836685,0.006840782777038,0.0001,0.185937364036461,2.48722520484801,0.003836685107348,0.042174862843945,0.160369937410126,0.927500547211715,0.004406776447604,0.004431298833453,0.117636330243637,0.158102993121045,0.005568973573945,0.019062614656779,0.0001,0.003847007849016,0.142278282197109,0.03761636949751,0.010014791024853,0.081681268867619,0.093004754279191,,,,,,,,,,,,,,,,,,,,,,,,,,,,,,,,,,,,,,,,,,,,,,,,,,,,,,,,,,,,,,,,,,,,,,,,,,,,,,,,,,,,,,,,,
"Valle de Uco",0.0001,3.20988734568835,173.865061089636,5.56298072316259,278.785506931909,0.058715383798612,0.064378729211802,0.135922190883065,0.304847289367719,4.11948901828748,0.035636356002798,29.2492648348456,1.74204245056166,0.968046899115585,0.016800883679347,0.002062712002638,0.195727182701601,9.049472444969,0.058952750318427,0.009695647411491,0.0001,0.004034263747382,0.05272653876028,0.031665643291385,0.0001,0.016639255671802,0.02538444711391,,,,,,,,,,,,,,,,,,,,,,,,,,,,,,,,,,,,,,,,,,,,,,,,,,,,,,,,,,,,,,,,,,,,,,,,,,,,,,,,,,,,,,,,,
"Valle de Uco",0.0001,1.66411869542903,9.39123636285225,0.595144598278753,10.2891386828016,0.041104877516464,0.003095795450902,0.0001,0.203639915798149,1.57237294184291,0.001662322733964,0.0001,0.149615812146849,0.541790569794301,0.095483961062581,0.05320219563294,0.126304974455912,0.141909090773,0.052382351037456,0.037293437893081,0.1233823335427,0.00041719733041,1.95197260201259,0.039970301685244,0.117576579491788,0.01569776644527,0.024089768473584,,,,,,,,,,,,,,,,,,,,,,,,,,,,,,,,,,,,,,,,,,,,,,,,,,,,,,,,,,,,,,,,,,,,,,,,,,,,,,,,,,,,,,,,,
"Valle de Uco",0.016870216908043,3.53046829448376,14.3722524235554,0.532870420778535,13.3666094162626,0.036868448260298,0.002125146185536,0.0001,0.249109956362593,1.70144361411827,0.003409964048353,0.0001,0.186669434663493,0.72443048757085,0.006320636012157,0.076971258361886,0.15964681233301,0.194384140012219,0.014502802676292,0.0169852104463,0.005240824855282,0.001764708099583,0.299031346667399,0.024399688908369,0.00394584213461,0.047387510188429,0.058412432143247,,,,,,,,,,,,,,,,,,,,,,,,,,,,,,,,,,,,,,,,,,,,,,,,,,,,,,,,,,,,,,,,,,,,,,,,,,,,,,,,,,,,,,,,,
"Valle de Uco",0.0001,1.38741958790098,9.51618756899798,3.03689590158196,8.12820838658034,0.035943238945805,0.004583802675275,0.0001,0.227816552326978,1.74404128648863,0.002519511470691,0.0001,0.142032504870609,0.721392959136305,0.000909210070789,0.006458570864516,0.117374608843639,0.093623044758605,0.001873100237886,0.015886515273873,0.0001,0.001720827534718,0.126919928728358,0.030361109263182,0.0001,0.006124149538045,0.01769064233313,,,,,,,,,,,,,,,,,,,,,,,,,,,,,,,,,,,,,,,,,,,,,,,,,,,,,,,,,,,,,,,,,,,,,,,,,,,,,,,,,,,,,,,,,
"Valle de Uco",0.0001,1.59886928621379,21.6898696988646,0.816176748580326,15.8390526338346,0.045660568068225,0.003976557218132,0.041978310064106,0.402036089926696,2.39817926958527,0.00498916880559,0.005129169577572,0.159679957363672,0.767016309586864,0.001804669740454,0.002776885814891,0.209308686166746,0.213145950603124,0.006677653915861,0.023085707191861,2.01925970404303E-05,0.0001,0.075224033647922,0.026094794111635,0.0001,0.00159131184106,0.010849787188129,,,,,,,,,,,,,,,,,,,,,,,,,,,,,,,,,,,,,,,,,,,,,,,,,,,,,,,,,,,,,,,,,,,,,,,,,,,,,,,,,,,,,,,,,
"Valle de Uco",0.0001,1.22879497004972,11.3428760322344,5.17463005434566,15.3015081391251,0.042269088017377,0.003843378578449,0.0001,0.305224563491116,2.78591684800099,0.009543434298355,0.0001,0.159167977913669,1.51416761414832,0.004255981546224,0.0001,0.202974539026125,0.164036046428238,0.002966727692548,0.035660769150075,0.002363063242365,0.001864298205616,0.058712874480406,0.029609806197557,0.009127796169745,0.036694385280985,0.049110840307396,,,,,,,,,,,,,,,,,,,,,,,,,,,,,,,,,,,,,,,,,,,,,,,,,,,,,,,,,,,,,,,,,,,,,,,,,,,,,,,,,,,,,,,,,
"Valle de Uco",0.0001,1.2857693224563,10.4764506068155,0.868002402215545,13.5284113610751,0.028761038649778,0.003109445320501,0.0001,0.174065657483125,1.46181350381525,0.008425938256296,0.0001,0.114602299121075,0.651893020317484,0.005393788083313,0.014490987664954,0.19707981773541,0.14063083631523,0.06342985404438,0.03314216648266,0.016327900320856,0.0001,0.06710350825719,0.08519196438632,0.14435888127371,0.0001,0.0001,,,,,,,,,,,,,,,,,,,,,,,,,,,,,,,,,,,,,,,,,,,,,,,,,,,,,,,,,,,,,,,,,,,,,,,,,,,,,,,,,,,,,,,,,
"Valle de Uco",0.011836763434639,1.40372783218889,10.3809800608517,1.19898304675336,11.7708446950447,0.049683593733422,0.0001,0.003494482463821,0.136549536940666,1.46843673506996,0.005173669163744,0.0001,0.14539606708427,0.804854535552155,0.003198034506146,0.003554533979481,0.17158287786642,0.146024938776485,0.009911670081054,0.01750921850397,0.000677403796768,0.000783463955992,0.062004825106957,0.032528520092894,0.059536818374533,0.011473946190493,0.012131520629968,,,,,,,,,,,,,,,,,,,,,,,,,,,,,,,,,,,,,,,,,,,,,,,,,,,,,,,,,,,,,,,,,,,,,,,,,,,,,,,,,,,,,,,,,
"Valle de Uco",0.0001,2.48753271113046,13.4299973983411,2.46776629382706,15.5309479741586,0.039881158153094,0.003854228823414,0.0001,0.291476848828729,1.95807864734988,0.007906052349164,0.036472568179993,0.226594482657468,0.913582157107452,0.004609475739686,0.059136311681678,0.178031315833789,0.223646438933035,0.014165595111592,0.035749690997832,0.007914772613553,0.010486847338747,0.114930754864209,0.034737534656691,0.03386458008723,0.078486558519623,0.087787963204528,,,,,,,,,,,,,,,,,,,,,,,,,,,,,,,,,,,,,,,,,,,,,,,,,,,,,,,,,,,,,,,,,,,,,,,,,,,,,,,,,,,,,,,,,
"Valle de Uco",0.0001,1.04493257623177,10.3177188883041,1.69145216166058,13.3018356298768,0.03276290845066,0.004846798236889,0.0001,0.160595576082515,2.1715748785692,0.010670430322815,0.0001,0.142536972106446,1.13881520281611,0.005711201518576,0.010768457077287,0.19619530660451,0.148461556457676,0.003952547293733,0.025850595739717,0.0001,0.004041815500792,0.085907305796379,0.034277429627664,0.0001,0.030667060983528,0.04233665181019,,,,,,,,,,,,,,,,,,,,,,,,,,,,,,,,,,,,,,,,,,,,,,,,,,,,,,,,,,,,,,,,,,,,,,,,,,,,,,,,,,,,,,,,,
"Valle de Uco",0.0001,1.17860431835527,10.0188734806569,1.78576466246972,13.5382585758189,0.054436333546173,0.004099072545961,0.0001,0.239885830827026,2.15647834135997,0.00967215143527,0.0001,0.172367910893611,1.30816912606837,0.008920510154998,0.118387973075584,0.172677927712686,0.153477732531828,0.007784871207679,0.015998621085445,0.007287924564776,0.001438410978224,0.135478151692025,0.035131752657568,0.011005550250586,0.312788045724639,0.323269416499595,,,,,,,,,,,,,,,,,,,,,,,,,,,,,,,,,,,,,,,,,,,,,,,,,,,,,,,,,,,,,,,,,,,,,,,,,,,,,,,,,,,,,,,,,
"Valle de Uco",0.0001,1.70862930258605,180.047727415723,2.36047749804592,268.173196760581,0.067163736560806,0.098404349938516,0.410500500129947,0.461879797421328,7.29931023333935,0.039103634460542,28.8182386209929,1.31748501977177,1.57942671953314,0.02101944092213,0.0001,0.200806995750014,8.77423711934254,0.10837175816378,0.010310582031082,0.0001,0.001522598877419,0.049377435042567,0.033630054190515,0.006885501813174,0.056178156114103,0.066184309866747,,,,,,,,,,,,,,,,,,,,,,,,,,,,,,,,,,,,,,,,,,,,,,,,,,,,,,,,,,,,,,,,,,,,,,,,,,,,,,,,,,,,,,,,,
"Valle de Uco",0.0001,1.26030309668119,10.0413113834032,1.33576807894571,14.4680761940284,0.025216516931236,0.003593206202249,0.0001,0.252572727696621,1.89846512312185,0.010139958534937,0.034529815806187,0.178348511913524,0.906902087934405,0.00701860577405,0.00163315127889,0.176409471816966,0.157638452035783,0.001160119783345,0.015211002076088,0.002136314463431,0.001679095075512,0.049256320991051,0.027728545058824,0.0001,0.029446857300921,0.039360118046923,,,,,,,,,,,,,,,,,,,,,,,,,,,,,,,,,,,,,,,,,,,,,,,,,,,,,,,,,,,,,,,,,,,,,,,,,,,,,,,,,,,,,,,,,
"Valle de Uco",0.0001,1.34478026461476,10.8617979171497,0.456468621728176,13.607773627092,0.022597925496539,0.001926203783933,0.0001,0.189210241777106,1.20875595124947,0.007457239925882,0.0001,0.119175298307223,0.700295416580958,0.000502018838265,0.000763012989282,0.202855578166006,0.144947859086164,0.0001,0.01341027321832,0.011339002604396,0.0001,0.057415535962842,0.025244877249427,0.0001,0.0001,0.0001,,,,,,,,,,,,,,,,,,,,,,,,,,,,,,,,,,,,,,,,,,,,,,,,,,,,,,,,,,,,,,,,,,,,,,,,,,,,,,,,,,,,,,,,,
"Valle de Uco",0.033911482695202,2.71942944166353,14.959682345292,2.15886487708075,16.5614669950068,0.045157063875881,0.00515874934743,0.0001,0.35654365811921,5.19539907847317,0.008190325188671,0.032124732484398,0.422889180192658,1.06868581171048,0.010006334991828,0.006232513477081,0.191516121299669,0.23494902008005,0.073488408339514,0.043160804484298,0.038659299190359,0.019341861996053,0.086771196479003,0.051711769774496,0.039904079447391,0.279317677557109,0.293697610143361,,,,,,,,,,,,,,,,,,,,,,,,,,,,,,,,,,,,,,,,,,,,,,,,,,,,,,,,,,,,,,,,,,,,,,,,,,,,,,,,,,,,,,,,,
"Valle de Uco",0.0001,1.46499172802374,10.6018898016019,1.1329959811107,13.327243357161,0.035822305544011,0.002631040696525,0.0001,0.186056790492228,2.01546580043715,0.008171419571936,0.0001,0.170046193053751,0.806968607427524,0.002836424695327,0.00518645047048,0.182593708828301,0.144778954953454,0.0001,0.022124497659037,0.123944354466587,0.00121836356293,0.168205471811356,0.034159429331495,0.093792115120818,0.008837750827738,0.020257851123428,,,,,,,,,,,,,,,,,,,,,,,,,,,,,,,,,,,,,,,,,,,,,,,,,,,,,,,,,,,,,,,,,,,,,,,,,,,,,,,,,,,,,,,,,
"Valle de Uco",0.000976672740641,2.71121312810268,12.9066054414114,0.592388863623136,12.6172254075782,0.022375153761944,0.0001,0.011838190935332,0.17587188739685,2.77914466602249,0.004646096783719,0.0001,0.154905405481563,0.668116266145884,0.004433263201085,0.014431883277882,0.212259208867176,0.167558816059604,0.000780296589314,0.025123158504788,0.004990971306227,0.003057566926824,0.284755138928751,0.04008768951735,0.024235791995081,0.107665003983888,0.109979801252202,,,,,,,,,,,,,,,,,,,,,,,,,,,,,,,,,,,,,,,,,,,,,,,,,,,,,,,,,,,,,,,,,,,,,,,,,,,,,,,,,,,,,,,,,
"Valle de Uco",0.072493595233063,2.35340369266274,16.7435324708041,5.43552418631409,16.3528936896315,0.079795346467084,0.003422535351682,0.003861436683083,0.269125728270804,2.62705676853059,0.006912419355308,0.013104586310548,0.210602869940631,0.977629376387495,0.0080751002225,0.026179675366098,0.197471673757675,0.244900075597721,0.085144168042268,0.024145119714768,0.002227544641707,0.002718003244295,0.245358557293354,0.087336007507499,0.139900488461589,0.033889504869068,0.034531609439508,,,,,,,,,,,,,,,,,,,,,,,,,,,,,,,,,,,,,,,,,,,,,,,,,,,,,,,,,,,,,,,,,,,,,,,,,,,,,,,,,,,,,,,,,
"Valle de Uco",0.0001,1.91363370473111,12.7532204700734,3.01744236683154,15.6462269591936,0.087381628591852,0.006522866044422,0.0001,0.257282256140543,4.93487356838328,0.008070666221171,0.0001,0.285253224726744,0.905636705254556,0.001519840694963,0.0001,0.174442080140855,0.204660642218205,0.0001,0.01957024918212,0.0001,0.006367481258231,0.061016901054876,0.023841183485359,0.0001,0.119824714458307,0.128160630956886,,,,,,,,,,,,,,,,,,,,,,,,,,,,,,,,,,,,,,,,,,,,,,,,,,,,,,,,,,,,,,,,,,,,,,,,,,,,,,,,,,,,,,,,,
"Valle de Uco",0.036978691581941,1.5940605384062,12.9875847464368,16.584807584099,11.8824732261275,0.061981489265492,0.0001,0.020598995769155,0.184311602861601,2.72518694740286,0.004340709575318,0.0001,0.148644214283261,1.27602489844234,0.009185700517347,0.003963945699996,0.200414771324839,0.142310847474557,0.002836599133202,0.016809760037978,0.0001,0.000116979082245,0.039669895278328,0.035979770229305,0.021390934422719,0.03344839988189,0.034778839866665,,,,,,,,,,,,,,,,,,,,,,,,,,,,,,,,,,,,,,,,,,,,,,,,,,,,,,,,,,,,,,,,,,,,,,,,,,,,,,,,,,,,,,,,,
"Valle de Uco",0.0001,1.49127870958701,13.9706066259284,0.950179185138613,15.9752578141095,0.046628075057264,0.003284556694756,0.0001,0.265470705395772,1.87262532543162,0.009130508106305,0.0001,0.135227579948295,0.746764077808085,0.005517405051359,0.006501815301718,0.232612440051904,0.183189499257798,0.000938350149269,0.020143259985232,0.057755803181329,0.001991249229609,0.105207281996463,0.031600837044629,0.023065382430993,0.035853156071809,0.042607133445969,,,,,,,,,,,,,,,,,,,,,,,,,,,,,,,,,,,,,,,,,,,,,,,,,,,,,,,,,,,,,,,,,,,,,,,,,,,,,,,,,,,,,,,,,
"Valle de Uco",0.0001,1.61005211185944,11.6108886529018,1.72190894263489,13.8294686869329,0.051083125037458,0.006306966700433,0.0001,0.28349656542692,2.93125540909531,0.010533090786301,0.0001,0.146500233654923,1.10372389508752,0.254173084654841,0.087754781819143,0.139764904392955,0.144607760096174,0.115254664805177,0.066574978842873,0.067872273838387,0.002694141106179,3.51352135436749,0.068302256908747,0.204081130306325,0.047481697607569,0.054972854689804,,,,,,,,,,,,,,,,,,,,,,,,,,,,,,,,,,,,,,,,,,,,,,,,,,,,,,,,,,,,,,,,,,,,,,,,,,,,,,,,,,,,,,,,,
"Valle de Uco",0.0001,1.70000903596221,11.847763173658,0.643412024520719,14.4284946599892,0.027827651430415,0.001676646394876,0.0001,0.182706113407601,1.53099416223678,0.006837490403013,0.0001,0.115280748743212,0.840546255306878,0.00198981105068,0.007336660584519,0.138016654137079,0.13117417062331,0.002988864193898,0.01646882238166,0.041365849065219,0.000756102210455,0.150329886530792,0.024177179896125,0.01013500275088,0.020358651945132,0.02878929678799,,,,,,,,,,,,,,,,,,,,,,,,,,,,,,,,,,,,,,,,,,,,,,,,,,,,,,,,,,,,,,,,,,,,,,,,,,,,,,,,,,,,,,,,,
"Valle de Uco",0.0001,1.50292948937541,13.3338202445155,1.54859175946813,15.2539381160181,0.074421667575663,0.006698995586512,0.0001,0.264395173190709,3.37849677682905,0.010007454558037,0.0001,0.172885866722058,1.05047295945499,0.006633871424176,0.013389233992994,0.147015624725141,0.269707807683642,0.004404145001045,0.034985887847813,0.0001,0.004927841808142,0.700923700092589,0.025010856147347,0.001881847848377,0.045480664130573,0.058779984288862,,,,,,,,,,,,,,,,,,,,,,,,,,,,,,,,,,,,,,,,,,,,,,,,,,,,,,,,,,,,,,,,,,,,,,,,,,,,,,,,,,,,,,,,,
"Valle de Uco",0.0001,1.57436628068856,12.0547395333402,1.99190651196853,14.7659262154954,0.05294536118414,0.004453507451145,0.0001,0.302347188899315,2.0844158362766,0.009840010567479,0.0001,0.202628081275419,1.34933809950985,0.005946588966367,0.006497100672847,0.123938563471283,0.161554240456187,0.01550631611266,0.022458519711396,0.0001,0.001533925668555,0.247300175862871,0.033488883603055,0.033784722187023,0.056865286840473,0.07092219918373,,,,,,,,,,,,,,,,,,,,,,,,,,,,,,,,,,,,,,,,,,,,,,,,,,,,,,,,,,,,,,,,,,,,,,,,,,,,,,,,,,,,,,,,,
"Valle de Uco",0.0001,1.39203527131424,12.3487315627628,45.2876713041159,14.0495263548225,0.057866105344927,0.009222162338529,0.0001,0.197561839503665,2.13652362881161,0.011307573579206,0.0001,0.123695573351083,1.14393947038306,0.004517081673935,0.0001,0.227172107908311,0.150997987136008,0.00588960852249,0.009545117171119,0.0001,0.003546360696879,0.171639291280247,0.032400783219526,0.00043258034473,0.063310993565734,0.070462153454603,,,,,,,,,,,,,,,,,,,,,,,,,,,,,,,,,,,,,,,,,,,,,,,,,,,,,,,,,,,,,,,,,,,,,,,,,,,,,,,,,,,,,,,,,
"Valle de Uco",0.199731534599589,1.54393940297459,11.1095032956166,1.12194045974484,22.4197264437183,0.051516026149315,0.002442750811969,0.0001,0.102886815681282,2.37601389616982,0.003269916845338,0.0001,0.135782812074789,0.842196270582379,0.00047816225986,0.015819968922348,0.15369026939332,0.121077648140353,0.0001,0.019532261280867,0.006117232193452,0.000893700184638,0.923189485030089,0.02326453474756,0.062351768478594,0.075095811122035,0.083216128947667,,,,,,,,,,,,,,,,,,,,,,,,,,,,,,,,,,,,,,,,,,,,,,,,,,,,,,,,,,,,,,,,,,,,,,,,,,,,,,,,,,,,,,,,,
"Valle de Uco",0.048165515807401,1.40100240289256,13.1463688702393,6.56929924770931,15.7186325477577,0.048513733265655,0.03547301645327,0.009607502333403,0.294178867291519,3.14461262325088,0.005405003417708,0.0001,0.169738169030851,0.724453304036139,0.006751217432233,0.010196262543439,0.183548816102966,0.185969432961891,0.0001,0.019050666741589,0.0001,0.000435220623911,0.185724978091805,0.026161394272547,0.017666724425437,0.048726556287681,0.049818187778884,,,,,,,,,,,,,,,,,,,,,,,,,,,,,,,,,,,,,,,,,,,,,,,,,,,,,,,,,,,,,,,,,,,,,,,,,,,,,,,,,,,,,,,,,
"Valle de Uco",0.0001,1.56902126643633,18.1483406372314,1.3430012473418,15.9647294072888,0.058923594304151,0.031345727529518,0.442514111744381,0.402432928928468,10.2769323053429,0.009132998481971,0.585823856709765,0.572564455697979,1.10329055132569,0.010807020224953,0.012925736159687,0.153343904598036,0.227264691351579,0.143202348853225,0.007998042107154,0.000272749472809,0.001929244039749,0.15538370725946,0.028864969200042,0.003432865563788,0.032716204998242,0.043313096490364,,,,,,,,,,,,,,,,,,,,,,,,,,,,,,,,,,,,,,,,,,,,,,,,,,,,,,,,,,,,,,,,,,,,,,,,,,,,,,,,,,,,,,,,,
"Valle de Uco",0.0001,3.298623418244,19.189254084553,71.0160227876989,25.4664270804309,0.11671807615981,0.016502300510267,0.0001,0.497071551463402,4.47547212726951,0.006484524696281,0.0001,0.209303381026568,1.64473280509874,0.032390490650028,0.0001,0.307485334562405,0.29872442298658,0.00706734229031,0.027878156362066,0.000380419771631,0.0001,0.452306208871183,0.033497482692629,0.018204015511125,0.026911194962844,0.034812682235403,,,,,,,,,,,,,,,,,,,,,,,,,,,,,,,,,,,,,,,,,,,,,,,,,,,,,,,,,,,,,,,,,,,,,,,,,,,,,,,,,,,,,,,,,
"Valle de Uco",0.0001,2.36509285605969,23.290803333565,1.02611330681944,16.9442416113621,0.036823324598817,0.006006041986143,0.0001,0.394970153737711,2.43105432855908,0.005812783838274,0.062231124216691,0.30269615614222,1.23740982904568,0.002258996576031,0.023933128077914,0.211624301003546,0.132620757615443,0.009017087971851,0.020196231072803,0.017817433476883,0.008901924354315,0.066083011028354,0.028127590390539,0.016457977366587,0.155998917531501,0.173597083287514,,,,,,,,,,,,,,,,,,,,,,,,,,,,,,,,,,,,,,,,,,,,,,,,,,,,,,,,,,,,,,,,,,,,,,,,,,,,,,,,,,,,,,,,,
"Valle de Uco",0.103229342553142,1.26427545481559,29.7848756690284,2.55638766066115,16.4298077755246,0.096883090581412,0.002274723597442,0.015809330666857,0.412061856622594,6.48044890659947,0.002305495623193,0.005867126194632,0.249101842172411,1.30154518237859,0.002494422244471,0.0001,0.158725387352276,0.139714674116025,0.0001,0.025104280658383,0.0001,0.002844096490506,0.147406814602386,0.017780620372013,0.005043487831313,0.066503195397135,0.067360302884196,,,,,,,,,,,,,,,,,,,,,,,,,,,,,,,,,,,,,,,,,,,,,,,,,,,,,,,,,,,,,,,,,,,,,,,,,,,,,,,,,,,,,,,,,
"Valle de Uco",0.0001,1.12707411581356,21.5094998503728,1.40794120216816,16.5849417849822,0.051740866746868,0.002774938783745,0.0001,0.30793008095234,2.07737062392968,0.002536207879523,0.0001,0.171136719097864,0.751592237008985,0.001075598209474,0.009991227464659,0.169463745130405,0.100590011267257,0.0001,0.009316016712348,0.002250220915883,0.0001,0.389741090691569,0.024265558199429,0.0001,0.008582954013841,0.018480919813788,,,,,,,,,,,,,,,,,,,,,,,,,,,,,,,,,,,,,,,,,,,,,,,,,,,,,,,,,,,,,,,,,,,,,,,,,,,,,,,,,,,,,,,,,
"Valle de Uco",0.0001,0.988104146037592,18.5956979081459,3.07314398691244,13.1537741676024,0.048926363816251,0.003739937968509,0.020711255266396,0.31250919652661,1.88987427643323,0.004525092476139,0.013337421994027,0.185439966447729,0.69940134183644,0.014590829534777,0.018125672377174,0.130773388801375,0.075702535236952,0.09308256231891,0.054294820633236,0.025560764007017,0.00249010963172,0.409073525775248,0.026516737726145,0.061815790497394,0.032890133432413,0.03917430568146,,,,,,,,,,,,,,,,,,,,,,,,,,,,,,,,,,,,,,,,,,,,,,,,,,,,,,,,,,,,,,,,,,,,,,,,,,,,,,,,,,,,,,,,,
"Valle de Uco",0.0001,1.73754437631396,188.24521795603,3.91516460752624,269.719920900678,0.086402042729857,0.117514708037914,0.161225993228578,1.25505896106041,4.77984474809871,0.033162718515942,26.2029507690299,1.67439711203137,1.69002316190873,0.018105823153421,0.006373272660392,0.289243486600583,8.03687888630654,0.248480161575456,0.020860232070135,0.002636296885097,0.020709288089292,0.131367984304564,0.043712648872095,0.015141324491021,0.961377784542885,1.01382879633918,,,,,,,,,,,,,,,,,,,,,,,,,,,,,,,,,,,,,,,,,,,,,,,,,,,,,,,,,,,,,,,,,,,,,,,,,,,,,,,,,,,,,,,,,
"Valle de Uco",0.000872667866423,1.63334750180681,37.6264206013643,2.4765485881917,27.1423717891143,0.040793069656581,0.003882599504292,0.0001,0.686492956131765,1.83967970880171,0.005865799041459,0.0001,0.292922055624701,0.918541583835876,0.00809760541187,0.020796341440286,0.311952939015444,0.393372246994413,0.008873778698117,0.023185152694272,0.010773818740679,0.00196878845642,0.067716339575712,0.035674072813357,0.011180118202349,0.01581935783266,0.025865088778894,,,,,,,,,,,,,,,,,,,,,,,,,,,,,,,,,,,,,,,,,,,,,,,,,,,,,,,,,,,,,,,,,,,,,,,,,,,,,,,,,,,,,,,,,
"Valle de Uco",0.0001,1.21196227330679,33.8925252057919,1.97049790451419,26.1836953053803,0.067716709955336,0.005380767750512,0.0001,0.721554870388841,3.60405555488526,0.006529398986639,0.008737290270456,0.51946978939608,1.37321936757492,0.005148547625675,0.013176130079019,0.19801365629101,0.136251463498799,0.010904826243868,0.048437418747295,0.00185145217002,0.004141063764529,0.29569051055641,0.027422438495179,0.018511741844113,0.146906984811669,0.158897987345636,,,,,,,,,,,,,,,,,,,,,,,,,,,,,,,,,,,,,,,,,,,,,,,,,,,,,,,,,,,,,,,,,,,,,,,,,,,,,,,,,,,,,,,,,
"Valle de Uco",0.0001,1.19874523669467,48.7428315695434,8.25961558485755,38.7684049042821,0.053991855259001,0.002545829778723,0.0001,0.98228874135519,1.8285817224516,0.004795495679284,0.0001,0.3548641547167,0.694366015950935,0.004211492016869,0.11448145980002,0.281769886326525,0.166328731857446,0.011230183959077,0.024456077379373,0.003878530699495,0.0001,0.181138215234478,0.023866801666347,0.016224830166398,0.014043230429928,0.022889016317249,,,,,,,,,,,,,,,,,,,,,,,,,,,,,,,,,,,,,,,,,,,,,,,,,,,,,,,,,,,,,,,,,,,,,,,,,,,,,,,,,,,,,,,,,
"Valle de Uco",0.0001,2.14492669721781,56.474846425113,15.4997661804991,42.7835117549005,0.138187017557692,0.009533612700676,0.0001,1.20031717706744,6.01599755062966,0.006661818708809,0.0001,0.484757192286558,1.51901024689962,0.034480761912668,0.029907552506821,0.27893440458633,0.306907379093708,0.006967118477649,0.050482605021614,0.0001,0.000204577172873,0.9156362387688,0.023385990786396,0.0001,0.026182551595121,0.037630369424179,,,,,,,,,,,,,,,,,,,,,,,,,,,,,,,,,,,,,,,,,,,,,,,,,,,,,,,,,,,,,,,,,,,,,,,,,,,,,,,,,,,,,,,,,
"Valle de Uco",0.015934856691903,2.72490615769707,75.2842305883101,2.28411998143686,51.1204622187048,0.112020125283884,0.007111759837795,0.011585694276933,1.19626566440011,4.75273158124449,0.006121761982185,0.000136250818993,2.55185874711347,1.80139195698714,0.020023127917766,0.006524700441216,0.722894598390088,0.803471194400933,0.046066753506946,0.030246120725173,0.01938324507017,0.001325098231586,0.091711745325144,0.026788435030633,0.021527920924973,0.044197614199567,0.055240384533369,,,,,,,,,,,,,,,,,,,,,,,,,,,,,,,,,,,,,,,,,,,,,,,,,,,,,,,,,,,,,,,,,,,,,,,,,,,,,,,,,,,,,,,,,
"Valle de Uco",0.037179108289177,2.62645422594703,27.9046237096215,2.68712999879044,30.9183294287301,0.096317831252241,0.004351124884415,0.0001,0.548018367785883,2.65497966831216,0.009156695278879,0.043260104076116,0.438402130389643,1.20607348241287,0.026124734707654,0.007868998701492,0.546177169835095,0.71987972211608,0.024402381640576,0.018807448388066,0.003031942726026,0.007196244626981,0.824420301987146,0.031117834481715,0.0001,0.067196820335631,0.080149181206993,,,,,,,,,,,,,,,,,,,,,,,,,,,,,,,,,,,,,,,,,,,,,,,,,,,,,,,,,,,,,,,,,,,,,,,,,,,,,,,,,,,,,,,,,
"Valle de Uco",0.013578133988317,5.23754330125905,15.2651515602216,1.55927931796248,16.5017844963336,0.062930637464376,0.007708145803909,0.030957462414863,0.498285432367979,2.48198115651333,0.006095998487623,0.012006467556286,0.219831564548124,0.977472247433296,0.007588613497431,0.0001,0.215304154870121,0.214261096056805,0.015372088848677,0.010960454490909,0.000645325313933,0.006346028521762,0.194489008976084,0.020877995919377,0.0001,0.244632297483701,0.276544230079595,,,,,,,,,,,,,,,,,,,,,,,,,,,,,,,,,,,,,,,,,,,,,,,,,,,,,,,,,,,,,,,,,,,,,,,,,,,,,,,,,,,,,,,,,
"Valle de Uco",0.038228094554408,1.10920073894985,9.4701883112748,1.24611618331147,9.63950962880374,0.04276016341354,0.0001,0.004668643835011,0.18279065345352,1.55384450295244,0.00600341465927,0.0001,0.120819366311091,0.914650911129645,0.034530620916429,0.0001,0.216852766876518,0.111412863964029,0.033572151356815,0.029059063676467,0.000862115382577,0.000337385834081,0.945807628742993,0.046066832525023,0.072532161163788,0.022355294024277,0.022516086938655,,,,,,,,,,,,,,,,,,,,,,,,,,,,,,,,,,,,,,,,,,,,,,,,,,,,,,,,,,,,,,,,,,,,,,,,,,,,,,,,,,,,,,,,,
"Valle de Uco",0.112678834495862,1.59903320767065,18.3367584234655,5.74680718689336,13.8210988344809,0.096667446830353,0.0046203245413,0.009690789688521,0.523716789978255,23.4825395736928,0.009199919760552,0.020392970211812,0.273648446824176,2.03888413612823,0.005590782904702,0.0001,0.320010817333786,0.182618360399899,0.0001,0.00789551361103,0.0001,0.001891030444501,0.036942401014646,0.020518774819892,0.069727561497776,0.036196254935674,0.037154468744056,,,,,,,,,,,,,,,,,,,,,,,,,,,,,,,,,,,,,,,,,,,,,,,,,,,,,,,,,,,,,,,,,,,,,,,,,,,,,,,,,,,,,,,,,
"Valle de Uco",4.32280796597E-05,1.38666899332362,9.85613335232681,1.3773248688704,13.3377400453748,0.065680945211816,0.003626429953487,0.0001,0.290494315038156,2.9407058707176,0.006770637866334,0.0001,0.150919568788384,0.812423890602091,0.009859257759489,0.003490641285015,0.199466252280795,0.193231576333308,0.03176311360921,0.03487936973335,0.012864723000589,0.00074153265784,0.272352938957936,0.033101488324209,0.017034344839715,0.098762283360607,0.110321624541988,,,,,,,,,,,,,,,,,,,,,,,,,,,,,,,,,,,,,,,,,,,,,,,,,,,,,,,,,,,,,,,,,,,,,,,,,,,,,,,,,,,,,,,,,
"Valle de Uco",0.0001,1.07131397708563,10.9386973856089,2.13835522914159,13.406024127548,0.059389924652848,0.00345258908592,0.0001,0.192211860869487,2.03363603815518,0.003721415121304,0.021274305936603,0.13990988126157,0.600110230429535,0.001343100782049,0.0001,0.20666995544253,0.140546206198175,0.005157746962913,0.031471736371979,0.0001,0.000883215831573,0.261878421299896,0.034451077477213,0.0001,0.005101224312557,0.015718243057547,,,,,,,,,,,,,,,,,,,,,,,,,,,,,,,,,,,,,,,,,,,,,,,,,,,,,,,,,,,,,,,,,,,,,,,,,,,,,,,,,,,,,,,,,
"Valle de Uco",0.021883005406998,2.2598625661689,53.5397338918599,7.18556739687019,46.5323514921272,0.185446913709032,0.005573427348735,0.022076084830223,1.00964392636577,5.6860221570567,0.005106528352235,0.029045095731559,0.442775770929022,1.11566107704978,0.019309683721628,0.018274845902236,0.592523972621838,0.571509561084818,0.145352363854544,0.062253524354756,0.136989416315531,0.003567601410268,0.260654164716301,0.066944310099375,0.077474280370451,0.057052739303669,0.058402564195018,,,,,,,,,,,,,,,,,,,,,,,,,,,,,,,,,,,,,,,,,,,,,,,,,,,,,,,,,,,,,,,,,,,,,,,,,,,,,,,,,,,,,,,,,
"Sur",0.114091058142246,15.9829314152548,17.2140376785206,1.66734187075404,27.2884632635576,0.01952998538848,0.003196771750063,0.002872841801622,0.427547802374315,2.60197125161943,0.003181294104303,0.0001,0.313002894114524,1.16536038353696,0.003156574591178,0.005656251159374,0.58267384208843,0.661340460183334,0.002659979481978,0.034850164757754,0.001513476225506,0.001899298998893,0.070843327261403,0.048597447154432,0.009511539026041,0.015403607928332,0.015948451689613,,,,,,,,,,,,,,,,,,,,,,,,,,,,,,,,,,,,,,,,,,,,,,,,,,,,,,,,,,,,,,,,,,,,,,,,,,,,,,,,,,,,,,,,,
"Sur",0.079715652258633,15.5438632774063,17.1726236010423,1.64724282587665,26.6352254564842,0.022980477492374,0.00261439645088,0.002949206979002,0.415275041313513,2.44171177495768,0.003495224725488,0.0001,0.299529491541307,1.14362665538737,0.003883980317681,0.01668940791565,0.574889058115779,0.650798361893066,0.002382870896488,0.036646962945402,0.00107014177841,0.002000610946284,0.067555697917121,0.047364549416054,0.010676647802696,0.014913255206971,0.015701478817059,,,,,,,,,,,,,,,,,,,,,,,,,,,,,,,,,,,,,,,,,,,,,,,,,,,,,,,,,,,,,,,,,,,,,,,,,,,,,,,,,,,,,,,,,
"Sur",0.08395233310882,15.8569709755928,17.372555342172,1.61629049157989,27.1061497515799,0.032510246583747,0.002755551092106,0.001840371313563,0.422389088795106,2.42299598110511,0.003795697504939,0.0001,0.311772623807085,1.14584748019456,0.002700354435191,0.018466474889356,0.591434193563366,0.684854877237323,0.002568976378147,0.040364563903362,0.000867652838697,0.00194790220523,0.068105012952141,0.047597571885333,0.013006290706808,0.016354973508314,0.014752734583917,,,,,,,,,,,,,,,,,,,,,,,,,,,,,,,,,,,,,,,,,,,,,,,,,,,,,,,,,,,,,,,,,,,,,,,,,,,,,,,,,,,,,,,,,
"Noreste",0.138202852289057,5.85818202042734,28.8743017353741,2.52361700539525,34.0503003249286,0.065991121527608,0.00080407764284,0.004013390994988,0.68762557686831,2.83687525888179,0.003546792436806,0.0001,0.189541891620574,0.776052698154868,0.003329916026687,0.004220955564453,0.192325545591309,1.02421878500393,0.010391152446185,0.010978701784745,0.0001,0.0001,0.042049751934258,0.015379202103002,0.002354481314455,0.052296178010305,0.053469084953811,,,,,,,,,,,,,,,,,,,,,,,,,,,,,,,,,,,,,,,,,,,,,,,,,,,,,,,,,,,,,,,,,,,,,,,,,,,,,,,,,,,,,,,,,
"Noreste",0.160848416187754,5.91449647292751,28.6029679331786,2.43582556050401,34.5836210512594,0.066884664988445,0.000494905253854,0.007061964227092,0.689671990998999,2.83678233310838,0.003213473122273,0.0001,0.17858508257605,0.755412804920844,0.004572646186335,0.0001,0.189491145185423,0.996936342808174,0.01082141775164,0.011787763971583,0.0001,0.0001,0.042903878347343,0.014736836917154,0.004389467420789,0.048276407731632,0.050203300715109,,,,,,,,,,,,,,,,,,,,,,,,,,,,,,,,,,,,,,,,,,,,,,,,,,,,,,,,,,,,,,,,,,,,,,,,,,,,,,,,,,,,,,,,,
"Noreste",0.138528500317511,6.02487855258468,29.1065892367944,2.4820150445484,34.9756772193389,0.070047993968604,0.000907976214101,0.006979249067259,0.702041499997164,2.89523507403413,0.003550300330027,0.0001,0.187571621573056,0.780749319166724,0.006074959374726,0.0001,0.188681712048783,1.02364309150393,0.010521056875191,0.012804561864995,0.0001,0.0001,0.044154552218291,0.01375661906121,0.001610123563802,0.049715663769508,0.051833756313953,,,,,,,,,,,,,,,,,,,,,,,,,,,,,,,,,,,,,,,,,,,,,,,,,,,,,,,,,,,,,,,,,,,,,,,,,,,,,,,,,,,,,,,,,
"Noreste",0.188873685516513,8.47118725558001,79.560432818423,6.62922605969079,35.8807394898695,0.148196472163175,0.021485849481141,0.028627529595814,0.994295170824234,6.20658051997566,0.032235759684181,0.185461419320293,0.868765701320846,1.74215056016583,0.016714338103316,0.0001,1.60435520130896,0.929255531615343,0.013430569387993,0.009947617434829,0.0001,0.006955472871108,0.050552985683571,0.020927511278381,0.0001,0.045743011637523,0.045545216602458,,,,,,,,,,,,,,,,,,,,,,,,,,,,,,,,,,,,,,,,,,,,,,,,,,,,,,,,,,,,,,,,,,,,,,,,,,,,,,,,,,,,,,,,,
"Noreste",0.187893484950866,8.94618608489728,79.1900133875313,6.60222070817344,35.8848945038468,0.132070228002576,0.021328763198999,0.029122627799165,1.00479804840073,6.20710133313059,0.033007960749244,0.184619927931914,0.901140308600847,1.71083113797255,0.015378095755724,0.003972476862235,1.64601843748465,0.973534636696327,0.013635871382628,0.011160381617885,0.0001,0.006884059979323,0.054355106892766,0.020731031211938,0.0001,0.045845279257828,0.045716925633737,,,,,,,,,,,,,,,,,,,,,,,,,,,,,,,,,,,,,,,,,,,,,,,,,,,,,,,,,,,,,,,,,,,,,,,,,,,,,,,,,,,,,,,,,
"Noreste",0.199136483133244,8.60516142910841,79.3435899846526,6.67811483093903,36.023644280359,0.155483178811131,0.021116007826551,0.027926851855741,1.01108884627959,6.23813628570859,0.0316546540935,0.182709096364083,0.903324920460435,1.67090019701201,0.014587460304561,0.000864767819193,1.67461943825315,0.983932912320216,0.013218266067851,0.012076167659901,0.0001,0.006609424080118,0.05486548158441,0.020740235580218,0.0001,0.045543424960661,0.046923805785925,,,,,,,,,,,,,,,,,,,,,,,,,,,,,,,,,,,,,,,,,,,,,,,,,,,,,,,,,,,,,,,,,,,,,,,,,,,,,,,,,,,,,,,,,
"Noreste",0.156776187591936,11.5607640363326,37.2989590479166,2.03225291978642,35.7450718605359,0.073117440161163,0.001036092609769,0.002337902435425,0.773051325835376,3.0236945030942,0.005389532125885,0.0001,0.216755408540976,1.03160888310647,0.01093021641782,0.0001,0.368457887061348,1.2394203971589,0.011686284704122,0.01684095418994,0.0001,0.001085298808974,0.03355088607596,0.041990033638991,0.020128213092448,0.011421333860818,0.009783923587608,,,,,,,,,,,,,,,,,,,,,,,,,,,,,,,,,,,,,,,,,,,,,,,,,,,,,,,,,,,,,,,,,,,,,,,,,,,,,,,,,,,,,,,,,
"Noreste",0.15938218593964,11.3694527645523,38.0961835505175,2.12168197955035,36.0514157090113,0.073153390193375,0.00145462339644,0.002680425015555,0.799778243510709,3.13091405442179,0.005983007301833,0.0001,0.223229716202191,1.05478114013876,0.010720233412821,0.0001,0.380785153215218,1.29559719897281,0.013760351849261,0.015339517538656,0.0001,0.001438085477123,0.036673801911505,0.042528256515983,0.020481122418915,0.010804571372139,0.010193977858868,,,,,,,,,,,,,,,,,,,,,,,,,,,,,,,,,,,,,,,,,,,,,,,,,,,,,,,,,,,,,,,,,,,,,,,,,,,,,,,,,,,,,,,,,
"Noreste",0.139506258522945,11.721298329074,38.6367083480523,2.04123039620738,35.8730610458504,0.069589556553443,0.001555382280301,0.002632055159925,0.798652717594701,3.08749978527995,0.005599462376921,0.0001,0.222997358597041,1.04161606835736,0.009712500908153,0.003897090159139,0.3719505406693,1.29480891545035,0.011196076316915,0.016878421189506,0.0001,0.000951989897922,0.037859565611212,0.043786312673408,0.020105699295275,0.010898176028833,0.010869907011379,,,,,,,,,,,,,,,,,,,,,,,,,,,,,,,,,,,,,,,,,,,,,,,,,,,,,,,,,,,,,,,,,,,,,,,,,,,,,,,,,,,,,,,,,
"Noreste",0.212008535577963,12.8142899970691,52.335342252797,3.50395743929441,49.9187569521549,0.09127388210762,0.005226739916162,0.0001,0.44993226242405,3.65273256578195,0.005612417805426,0.00153861713084,0.566785067327141,1.30859932103186,0.032656830781619,0.0001,0.75905554132683,1.49256904436234,0.004978932044449,0.016621679032166,0.0001,0.00097756838156,0.06979075807208,0.020579617615458,0.0001,0.057351190270207,0.059275531074936,,,,,,,,,,,,,,,,,,,,,,,,,,,,,,,,,,,,,,,,,,,,,,,,,,,,,,,,,,,,,,,,,,,,,,,,,,,,,,,,,,,,,,,,,
"Noreste",0.184146090263431,12.9587040099556,53.6021651636906,3.6738262440946,51.6418015000838,0.092928260903053,0.005729066480221,0.001115576434958,0.472213662917774,3.86645234272578,0.005821332202081,0.003062162358859,0.574695949133042,1.3455314768905,0.032206382420476,0.0001,0.76367241750282,1.5053111406676,0.005644952865322,0.017301778995143,0.0001,0.000371956592809,0.068656489317119,0.021204420610329,0.0001,0.058362197847697,0.058553012666208,,,,,,,,,,,,,,,,,,,,,,,,,,,,,,,,,,,,,,,,,,,,,,,,,,,,,,,,,,,,,,,,,,,,,,,,,,,,,,,,,,,,,,,,,
"Noreste",0.183331970192295,12.739760736038,52.8249559878636,3.58874994079366,51.2260046597756,0.105044403455021,0.006819694635581,0.001013476824829,0.469919319463313,3.74122555175571,0.005575936588756,0.000730137333826,0.566933377184693,1.29984348487753,0.030897902588662,0.0001,0.76015378362306,1.48171204438828,0.005240492795967,0.017712734609053,0.0001,0.000675546013905,0.070257208714743,0.020882531906133,0.0001,0.053567221032824,0.055814595826145,,,,,,,,,,,,,,,,,,,,,,,,,,,,,,,,,,,,,,,,,,,,,,,,,,,,,,,,,,,,,,,,,,,,,,,,,,,,,,,,,,,,,,,,,
"Noreste",0.213310313571708,7.63825706378559,30.8037084600531,5.44327652245554,35.4010171106459,0.149579664084406,0.007350282892421,0.023665676438523,0.681511475017953,7.64658319548265,0.004483704527995,0.050239243505269,0.271229105821729,1.03654556832673,0.010802270284086,0.0001,0.214122865146965,1.27372775417538,0.009890041653944,0.016815428851045,0.0001,0.000418542402945,0.057239485151333,0.017651674706735,0.001784615449429,0.038419217509103,0.041185827147684,,,,,,,,,,,,,,,,,,,,,,,,,,,,,,,,,,,,,,,,,,,,,,,,,,,,,,,,,,,,,,,,,,,,,,,,,,,,,,,,,,,,,,,,,
"Noreste",0.189196891184754,7.49631115471694,31.3930428863206,5.40996942283506,35.1599111869136,0.159844093685305,0.005098083380901,0.023046015152736,0.661570873352002,7.60551253389885,0.004482555252472,0.049319434019842,0.274192532692058,1.06973661199427,0.010967461514511,0.0001,0.219342595811833,1.27399727965464,0.010496847001104,0.017218998054508,0.0001,0.000725988332214,0.056630895637685,0.017328925242998,0.004841543772855,0.03911758441746,0.039841113754058,,,,,,,,,,,,,,,,,,,,,,,,,,,,,,,,,,,,,,,,,,,,,,,,,,,,,,,,,,,,,,,,,,,,,,,,,,,,,,,,,,,,,,,,,
"Noreste",0.230906704789224,7.7456888020623,31.7410680143104,5.34243968685028,35.149338931224,0.143518604527186,0.005457245608651,0.022058828871918,0.65378072063482,7.48724977266539,0.004441050240865,0.049320900071654,0.280192856048033,1.0539242696636,0.010058415555766,0.0001,0.213964464975399,1.28780100469165,0.010881580771386,0.020320991486522,0.0001,0.000177680603199,0.055603677221574,0.017171965910209,0.004349233968401,0.040912429073226,0.041579683278244,,,,,,,,,,,,,,,,,,,,,,,,,,,,,,,,,,,,,,,,,,,,,,,,,,,,,,,,,,,,,,,,,,,,,,,,,,,,,,,,,,,,,,,,,
"Noreste",0.172905534441266,13.6580831295445,40.0011701239166,3.21000091318296,35.7164887857265,0.097830013173088,0.005195789016353,0.006494267662092,0.783852978679293,3.70786204974266,0.004701253614255,0.0001,0.343447015547116,1.11956189734065,0.01664153931886,0.002123856238589,0.392464112196435,0.949728854023114,0.002423458256066,0.014797418798698,0.0001,0.000893353392773,0.037864836468505,0.026280740975611,0.002845468730464,0.044408267547384,0.044853158957627,,,,,,,,,,,,,,,,,,,,,,,,,,,,,,,,,,,,,,,,,,,,,,,,,,,,,,,,,,,,,,,,,,,,,,,,,,,,,,,,,,,,,,,,,
"Noreste",0.170788822256315,13.4972574945804,40.1223829005768,3.24950636630626,35.6524056286136,0.081356655170101,0.005671272354576,0.005680977373822,0.770545804698858,3.6373197627425,0.004435049111034,0.0001,0.336707689915709,1.09823289954723,0.017735780785387,0.006694309670256,0.389487859268521,0.924454573785286,0.001473705779029,0.016296648146664,0.0001,0.00069788095508,0.039365593145604,0.025125041563921,0.003861185395687,0.041476523900871,0.041750737013027,,,,,,,,,,,,,,,,,,,,,,,,,,,,,,,,,,,,,,,,,,,,,,,,,,,,,,,,,,,,,,,,,,,,,,,,,,,,,,,,,,,,,,,,,
"Noreste",0.162316274676011,13.0908778803825,39.0428965017639,3.14218377118158,34.9518984719094,0.086817565419677,0.005031820513044,0.005837917568045,0.7562717252908,3.44116339530764,0.004366143735275,0.0001,0.336749699563992,1.04760274981105,0.019599092837775,0.0001,0.383846657285732,0.921563195382054,0.001782513871038,0.016544103673234,0.0001,0.000505100777705,0.037067149008255,0.025281878588767,0.003202838227344,0.04189040820895,0.042922133711903,,,,,,,,,,,,,,,,,,,,,,,,,,,,,,,,,,,,,,,,,,,,,,,,,,,,,,,,,,,,,,,,,,,,,,,,,,,,,,,,,,,,,,,,,
"Noreste",0.181867368184324,10.7808007837716,67.8929594997854,2.38402123208039,37.4279289556779,0.074079944265533,0.00378546972523,0.0001,0.91081968704742,3.14814571440469,0.003307488972286,0.0001,0.466804705807505,0.876288914903508,0.015922364839274,0.001567137302912,0.440113659671011,1.17889748430642,0.003718137191326,0.036119124521581,0.000775748262286,0.00210655152721,0.045346611500951,0.034229799712749,0.0001,0.013612942821707,0.014561955686744,,,,,,,,,,,,,,,,,,,,,,,,,,,,,,,,,,,,,,,,,,,,,,,,,,,,,,,,,,,,,,,,,,,,,,,,,,,,,,,,,,,,,,,,,
"Noreste",0.182844312269685,11.026236645908,69.4304588325636,2.3914252182336,39.176753169402,0.100057381490965,0.003627326034504,0.0001,0.934730212332793,3.1314353190192,0.003593805401286,0.0001,0.466964697682196,0.905096696401626,0.019104159208187,0.0001,0.442065763439835,1.21170045641732,0.002544298645411,0.03588158077464,0.000775490779747,0.002569772810699,0.04689599060219,0.034925768446158,0.0001,0.016555541713977,0.016641189231138,,,,,,,,,,,,,,,,,,,,,,,,,,,,,,,,,,,,,,,,,,,,,,,,,,,,,,,,,,,,,,,,,,,,,,,,,,,,,,,,,,,,,,,,,
"Noreste",0.204675756097248,10.4916140966119,69.3186572866647,2.4899797690326,39.2579727079844,0.093016139696961,0.002990883300354,0.0001,0.93783971567661,3.1113383324752,0.00322334068617,0.0001,0.466632086309919,0.881180899138279,0.019110301124134,0.0001,0.442313433817063,1.19822006414348,0.003602427615793,0.037238279360669,0.001205717525467,0.002227477569027,0.048523404132709,0.033999691099322,0.0001,0.018715884357453,0.017875915566413,,,,,,,,,,,,,,,,,,,,,,,,,,,,,,,,,,,,,,,,,,,,,,,,,,,,,,,,,,,,,,,,,,,,,,,,,,,,,,,,,,,,,,,,,
"Noreste",0.060817483047371,2.47889221473519,11.7361464883968,5.25122833382331,11.2952607460128,0.124083789910549,0.006227967287705,0.018041242262105,0.325279371620376,4.15683832502931,0.001470839630943,0.0001,0.181704673279211,0.977934558695087,0.008943594027308,0.0001,0.188532267188659,0.30381053489512,0.0001,0.011507882150973,0.0001,0.000440153683014,0.062802032339272,0.026938824136295,0.027768387968397,0.034818824884467,0.034353813046961,,,,,,,,,,,,,,,,,,,,,,,,,,,,,,,,,,,,,,,,,,,,,,,,,,,,,,,,,,,,,,,,,,,,,,,,,,,,,,,,,,,,,,,,,
"Noreste",0.066194746117219,2.41153231336467,11.5742523677075,4.86692879817079,11.1751402337374,0.13497239895663,0.006889664005642,0.019204468468664,0.316218265567186,4.06588436436336,0.001083842304715,0.0001,0.180563164733999,0.936720097493131,0.00959764349277,0.0001,0.190766879108031,0.301230884297204,0.0001,0.012469812586161,0.0001,0.000934533828465,0.062930598622485,0.026610334349601,0.029658181037775,0.034430090640549,0.035280088028412,,,,,,,,,,,,,,,,,,,,,,,,,,,,,,,,,,,,,,,,,,,,,,,,,,,,,,,,,,,,,,,,,,,,,,,,,,,,,,,,,,,,,,,,,
"Noreste",0.057561816882901,2.43297904304757,11.6227586285735,4.83382657717664,11.153358343991,0.119845550264002,0.005995146998417,0.019653068858202,0.319059691223502,4.06424561607781,0.00134540366607,0.0001,0.179208792517395,0.938945618577126,0.008155583677347,0.001066592530327,0.191440131575108,0.304318011637491,0.0001,0.013698497256649,0.0001,0.000813432186116,0.060670668356891,0.026349691134646,0.030238120892939,0.033247631053468,0.034295103442532,,,,,,,,,,,,,,,,,,,,,,,,,,,,,,,,,,,,,,,,,,,,,,,,,,,,,,,,,,,,,,,,,,,,,,,,,,,,,,,,,,,,,,,,,
"Noreste",0.083951518988749,2.2441754184346,12.7279726576921,23.2627118613193,19.1823986635011,0.133306230127183,0.004139868626736,0.016880850477525,0.283300435449621,3.55408099273708,0.001698360239596,0.0001,0.201764193127286,1.6380067306813,0.005486239641647,0.0001,0.157963214116463,0.626272445543028,0.0001,0.013466127916082,0.0001,0.000782663985383,0.044227257245621,0.038851955946366,0.004972718864431,0.050358067471164,0.052817428394735,,,,,,,,,,,,,,,,,,,,,,,,,,,,,,,,,,,,,,,,,,,,,,,,,,,,,,,,,,,,,,,,,,,,,,,,,,,,,,,,,,,,,,,,,
"Noreste",0.109039443100852,2.26718779151415,13.1949730258509,23.0688670477383,19.3998714415206,0.14218894327728,0.00471795782677,0.016284096930363,0.289726765487188,3.54361943345983,0.001415018312489,0.000277226626328,0.206752504877596,1.67699864964464,0.006301457778491,0.0001,0.162909433402078,0.634298390721746,0.0001,0.015607363208923,0.0001,0.000530650581197,0.045978519005886,0.039649454133935,0.006567982048793,0.052359047533711,0.053044051686934,,,,,,,,,,,,,,,,,,,,,,,,,,,,,,,,,,,,,,,,,,,,,,,,,,,,,,,,,,,,,,,,,,,,,,,,,,,,,,,,,,,,,,,,,
"Noreste",0.065380626046084,2.21246147470331,12.7817812084888,23.2003713818339,18.8420377695277,0.137256190470188,0.004211639023348,0.016109811960651,0.280844157615016,3.50150489103881,0.00144681886654,0.001762859620482,0.19874201551994,1.58793707756276,0.005220074881582,0.001034980278032,0.159770696095446,0.620065674941965,0.0001,0.016552602990827,0.0001,0.000660395093839,0.044846588056761,0.039252699816513,0.009823559116668,0.053389955218677,0.054669729679723,,,,,,,,,,,,,,,,,,,,,,,,,,,,,,,,,,,,,,,,,,,,,,,,,,,,,,,,,,,,,,,,,,,,,,,,,,,,,,,,,,,,,,,,,
"Noreste",0.110832949617563,4.53917093414992,19.6825101262746,1.88211361961759,12.2712255417046,0.039660257024962,0.001898951382157,0.000197435771149,0.296079769999545,4.30224665660977,0.000919249926347,0.0001,0.219249015217836,1.67917802106568,0.008481589386659,0.011774760990611,0.172631664385401,0.31035563683484,0.012646099612675,0.024774618193907,0.0001,0.000857546892286,0.059549735290991,0.058818210656531,0.038658823994842,0.191928831043871,0.196931964296231,,,,,,,,,,,,,,,,,,,,,,,,,,,,,,,,,,,,,,,,,,,,,,,,,,,,,,,,,,,,,,,,,,,,,,,,,,,,,,,,,,,,,,,,,
"Noreste",0.103012512214238,4.51687437751058,19.7802328832096,1.82131658840735,12.3763789567064,0.040335267538461,0.001286594849099,0.002288856449849,0.296319792333169,4.1780790783573,0.000854023900437,0.0001,0.2244208408549,1.6563911896607,0.007311153318479,0.007343271206207,0.170065299812828,0.317589774797019,0.012536451566738,0.029698685667347,0.0001,0.001307527747068,0.059484323333698,0.058971695070518,0.04124151288494,0.190134605402471,0.198953927864298,,,,,,,,,,,,,,,,,,,,,,,,,,,,,,,,,,,,,,,,,,,,,,,,,,,,,,,,,,,,,,,,,,,,,,,,,,,,,,,,,,,,,,,,,
"Noreste",0.124028207730522,4.66190654952166,20.2782148652875,1.90656149779801,12.5185003818101,0.053621237108456,0.001883678113349,0.002194846255979,0.293415130180876,4.19393137954045,0.000988865421626,0.003163694392342,0.225547956539285,1.7125282817151,0.009478713941383,0.012902057922217,0.17320412563117,0.316378238813804,0.009161359951129,0.035037483296103,0.0001,0.000987502862373,0.058786040187425,0.057155638545404,0.041581043754304,0.195783390321848,0.20244936040122,,,,,,,,,,,,,,,,,,,,,,,,,,,,,,,,,,,,,,,,,,,,,,,,,,,,,,,,,,,,,,,,,,,,,,,,,,,,,,,,,,,,,,,,,
"Sur",0.137389546337994,6.4971751317014,18.8122896096984,7.21199373630581,31.5452355611539,0.028741439519641,0.000582768988568,0.010626571638576,0.207406752119343,1.09748041317112,0.001136960747213,0.044777923794069,0.320706309146369,1.80950284662414,0.003242745981054,0.0001,0.300748658050912,0.466810517984897,0.0001,0.022958369966596,0.0001,0.00124999822509,0.078742515183764,0.051398168490339,0.00279360457736,0.081073811497992,0.085278692042575,,,,,,,,,,,,,,,,,,,,,,,,,,,,,,,,,,,,,,,,,,,,,,,,,,,,,,,,,,,,,,,,,,,,,,,,,,,,,,,,,,,,,,,,,
"Sur",0.115720112404587,6.2618556405629,18.5746828327305,7.27009767101019,31.9602324724198,0.030095836089237,0.000208626542282,0.010513391083115,0.199179566004598,1.07991864744358,0.001076604963883,0.048604820115698,0.326577120649906,1.81885483227928,0.005168106191185,0.0001,0.297491199543991,0.467103764283612,0.0001,0.023507366060261,0.0001,0.00116567763342,0.086216095947082,0.04896628041746,0.004572505852798,0.082938867899841,0.086082488705574,,,,,,,,,,,,,,,,,,,,,,,,,,,,,,,,,,,,,,,,,,,,,,,,,,,,,,,,,,,,,,,,,,,,,,,,,,,,,,,,,,,,,,,,,
"Sur",0.099918041823853,6.40952515453956,18.853343466856,7.19632150367565,32.1942149422295,0.036754306792857,0.000533175199888,0.009656829778728,0.209891087202166,1.11121170915122,0.001036378730716,0.044713919641876,0.322499783060176,1.812737594208,0.003196198421866,0.00393332452492,0.307332572685606,0.471403638705376,0.0001,0.0241962583598,0.0001,0.001758626081847,0.083590167955879,0.051159177747312,0.002531347116622,0.086762561678669,0.088213187754387,,,,,,,,,,,,,,,,,,,,,,,,,,,,,,,,,,,,,,,,,,,,,,,,,,,,,,,,,,,,,,,,,,,,,,,,,,,,,,,,,,,,,,,,,
"Sur",0.132990041473579,1.9504565321074,46.1917495711439,2.31592870879093,29.1887457122589,0.06845593159788,0.00021591800147,0.0001,0.51294389515104,2.45142350694764,0.002573031371984,0.0001,0.175057256771494,1.05007502871663,0.004374357863121,0.0001,2.13845924211484,0.264184234668608,0.0001,0.010032908600553,0.0001,0.000634876543539,0.180293257731522,0.032955919640795,0.0001,0.025253143625912,0.026345849124129,,,,,,,,,,,,,,,,,,,,,,,,,,,,,,,,,,,,,,,,,,,,,,,,,,,,,,,,,,,,,,,,,,,,,,,,,,,,,,,,,,,,,,,,,
"Sur",0.14439423543004,1.9084641761301,45.1540356278891,2.44639960965209,28.9245940793035,0.07313158614148,0.001083326361649,0.0001,0.519726336970764,2.34151626719302,0.002201392301556,0.0001,0.167613806203646,1.00179727383114,0.005483968880238,0.0001,2.18630033556228,0.258759978841618,0.0001,0.010223252914283,0.0001,0.000986573408201,0.179636137321878,0.031999289814324,0.0001,0.027706263283032,0.027761399319062,,,,,,,,,,,,,,,,,,,,,,,,,,,,,,,,,,,,,,,,,,,,,,,,,,,,,,,,,,,,,,,,,,,,,,,,,,,,,,,,,,,,,,,,,
"Sur",0.13282640333928,1.95946985959969,46.3943431655575,2.47804977383926,29.6068680599289,0.080140232202216,0.000880817650768,0.0001,0.523360394468425,2.4143745586486,0.002616424522049,0.0001,0.175862126801094,1.00753685358863,0.005124556985289,0.005642742310789,2.26904689379132,0.276432969239056,0.0001,0.0113507423553,0.0001,0.000988380140098,0.178240263933067,0.031144083842231,0.0001,0.027483992650999,0.026745763670552,,,,,,,,,,,,,,,,,,,,,,,,,,,,,,,,,,,,,,,,,,,,,,,,,,,,,,,,,,,,,,,,,,,,,,,,,,,,,,,,,,,,,,,,,
"Noreste",0.132663579325054,9.23378258377454,27.2799965308788,5.81420767384679,27.8926781256891,0.474117684977261,0.014983772343707,0.060747056157823,0.780359208994021,10.1212030226687,0.005951394459,0.140550182622589,0.339417726238876,1.73588026033224,0.009541706134015,0.002555375280312,0.514705785480354,0.536056700706286,0.0001,0.028111477460106,0.0001,0.001854495619076,0.042231672377297,0.037001626976815,0.019086153428626,0.109463612951255,0.110029614061739,,,,,,,,,,,,,,,,,,,,,,,,,,,,,,,,,,,,,,,,,,,,,,,,,,,,,,,,,,,,,,,,,,,,,,,,,,,,,,,,,,,,,,,,,
"Noreste",0.121585847517116,9.5771166072316,27.6880721233839,5.80747776030751,28.8493833847404,0.481130005109495,0.01539517658887,0.061998057607658,0.812060298187296,10.1302396151042,0.005668303159437,0.143082213563312,0.338334052640298,1.75410805022755,0.008550232544175,0.009686052735635,0.517137874171335,0.542385713303825,0.000161339944346,0.028699593012993,0.0001,0.002123090697495,0.043935931565333,0.034201078519233,0.016553048758029,0.106363769896708,0.108959972231481,,,,,,,,,,,,,,,,,,,,,,,,,,,,,,,,,,,,,,,,,,,,,,,,,,,,,,,,,,,,,,,,,,,,,,,,,,,,,,,,,,,,,,,,,
"Noreste",0.089001505790001,9.52299882297965,27.7296456566317,5.93452344518065,28.4127087366645,0.491811843048843,0.014278731747335,0.059775106095148,0.806547019018728,10.2984195567207,0.005887653350693,0.141604924815,0.351153284463214,1.80599694818936,0.012709649829446,0.012867331888166,0.520510208725899,0.549310713433813,0.001068635381372,0.029079784753552,0.0001,0.002439303117552,0.043936025195619,0.035721352190557,0.016399860287947,0.110202839316098,0.112497334001799,,,,,,,,,,,,,,,,,,,,,,,,,,,,,,,,,,,,,,,,,,,,,,,,,,,,,,,,,,,,,,,,,,,,,,,,,,,,,,,,,,,,,,,,,
"Noreste",0.060654659033144,2.67996816197161,13.1661706093108,2.39016233635996,7.9428316397882,1.96072673766161,0.000547070033339,0.0001,0.275110510826874,2.49173984516311,0.0001,0.008225888289968,0.144122609638886,1.18370376447597,0.006340467514984,0.010623083796567,0.452176184932179,0.162929238881095,0.0001,0.015889473410279,0.0001,0.001173851211039,0.048536071089079,0.046742053759588,0.034759872241646,0.005749204810794,0.005074585517065,,,,,,,,,,,,,,,,,,,,,,,,,,,,,,,,,,,,,,,,,,,,,,,,,,,,,,,,,,,,,,,,,,,,,,,,,,,,,,,,,,,,,,,,,
"Noreste",0.073362259223493,2.7122826965049,13.4367723834918,2.38243382077518,7.69788978806197,0.05303316947936,0.000951420248515,0.0001,0.276858012665846,2.58595561778551,0.0001,0.011722657393048,0.143815185988247,1.16579753621573,0.004175248253559,0.010317396880428,0.453196485523395,0.166072805450036,0.0001,0.019439177309111,0.0001,0.000569517728561,0.049414976562924,0.045618786703266,0.033061696693016,0.004225275893544,0.003874006062809,,,,,,,,,,,,,,,,,,,,,,,,,,,,,,,,,,,,,,,,,,,,,,,,,,,,,,,,,,,,,,,,,,,,,,,,,,,,,,,,,,,,,,,,,
"Noreste",0.085581387371162,2.691512819502,13.3458897494712,2.34164777528613,8.03424752823994,0.045300577926409,0.000173964544596,0.0001,0.273450556705913,2.46447187793694,0.0001,0.009967488744024,0.140967835346345,1.14821510923252,0.006399753711624,0.013712650016037,0.457252971931755,0.168205017374869,0.0001,0.021802213983207,0.0001,0.000576037887149,0.050648058210179,0.045002567266455,0.037440988769326,0.00630815096535,0.006034870975425,,,,,,,,,,,,,,,,,,,,,,,,,,,,,,,,,,,,,,,,,,,,,,,,,,,,,,,,,,,,,,,,,,,,,,,,,,,,,,,,,,,,,,,,,
"Noreste",0.085907035399616,7.35825683503961,14.5252035976264,3.75123685303055,13.8691204214813,0.103617103879672,0.00310846086113,0.003557074199846,0.322577153964591,4.11120580157873,0.000306835962002,0.049128534230394,0.187833240722339,0.869504052786396,0.004191523657567,0.004955789682931,0.136139705395594,0.246726941615152,0.001361565567177,0.01551599088565,0.0001,0.000673543424732,0.047109728345694,0.085856804747966,0.014847917182623,0.081625786894615,0.084206513970001,,,,,,,,,,,,,,,,,,,,,,,,,,,,,,,,,,,,,,,,,,,,,,,,,,,,,,,,,,,,,,,,,,,,,,,,,,,,,,,,,,,,,,,,,
"Noreste",0.080693410464066,7.04247661754931,14.3491289077026,3.71593861527547,13.8483684552393,0.09280370957747,0.003041678645477,0.004242417435283,0.307910628257721,4.03687788995524,0.000195275051167,0.049086076263541,0.185298039135598,0.799242616851318,0.003595769836314,0.006855531561065,0.136420510644451,0.242552225532529,0.000599012239416,0.01721729923006,0.0001,0.000410560349908,0.049485880374767,0.08652343592445,0.015325613800211,0.083906843405884,0.085220568004616,,,,,,,,,,,,,,,,,,,,,,,,,,,,,,,,,,,,,,,,,,,,,,,,,,,,,,,,,,,,,,,,,,,,,,,,,,,,,,,,,,,,,,,,,
"Noreste",0.096821129073254,7.04753172078715,14.2720212829011,3.77617175820607,13.8430979365873,0.091148662740645,0.00312140957863,0.004597317729318,0.312951212070235,4.08725976019846,0.000374782582743,0.052049708787314,0.180070986510636,0.797004806343284,0.003946791620595,0.0001,0.136019428584657,0.238790267846879,0.0001,0.018855260839618,0.0001,0.000394947792193,0.047750408958115,0.086750541632985,0.015601911751316,0.085888527852653,0.087262502208991,,,,,,,,,,,,,,,,,,,,,,,,,,,,,,,,,,,,,,,,,,,,,,,,,,,,,,,,,,,,,,,,,,,,,,,,,,,,,,,,,,,,,,,,,
"Valle de Uco",0.116751063211076,7.8036340814103,20.741780266164,2.56880048855586,30.778470848603,0.123172349979372,0.003613479236232,0.0001,0.390956709456129,2.63730396685706,0.017517722069863,0.004132218511048,0.17647145327652,0.909962063527317,0.008214236343948,0.0001,0.164141232310662,0.871418078562546,0.0001,0.007995463190533,0.0001,0.0001,0.028134362093868,0.014119441134188,0.0001,0.020855368272757,0.0217048232687,,,,,,,,,,,,,,,,,,,,,,,,,,,,,,,,,,,,,,,,,,,,,,,,,,,,,,,,,,,,,,,,,,,,,,,,,,,,,,,,,,,,,,,,,
"Valle de Uco",0.077435304209742,2.28770651291843,35.581771470435,13.9515199606147,30.0612056266656,0.098792731935949,0.00457730344455,0.007218054888116,0.683886084281269,3.94359380406764,0.004392558491334,0.021908773240673,0.29053893539273,1.15698283052231,0.008052796828388,0.00124058115279,0.475223572502098,0.470342998733603,0.000488378103971,0.010722878246819,0.0001,0.001397308136307,0.045139417692753,0.035710845543394,0.007764898981181,0.014494133328573,0.015484144499735,,,,,,,,,,,,,,,,,,,,,,,,,,,,,,,,,,,,,,,,,,,,,,,,,,,,,,,,,,,,,,,,,,,,,,,,,,,,,,,,,,,,,,,,,
"Valle de Uco",0.20907526709163,13.049128640532,63.7249791067424,3.17196405702105,46.606203082541,0.078257776980963,0.012598201911704,0.020152647154274,0.883575044798165,4.41606869586512,0.005327495563407,0.065773496816993,0.75659438033665,2.10940028531916,0.017988341353783,0.004722198994469,0.528022985877734,1.46575324296728,0.013729301336967,0.029955326456403,0.0001,0.021661331475631,0.046492906837874,0.028748775078184,0.016488008379225,0.127897591926235,0.130113910376448,,,,,,,,,,,,,,,,,,,,,,,,,,,,,,,,,,,,,,,,,,,,,,,,,,,,,,,,,,,,,,,,,,,,,,,,,,,,,,,,,,,,,,,,,
"Valle de Uco",0.085635393179995,1.35908879074789,16.2359216087908,2.51352933727916,37.6793092903235,0.106655278265992,0.004167683810634,0.030398877338742,0.294340442226848,3.90579513281461,0.001810410122288,0.009499398156259,0.468618222881253,1.2687737654028,0.029697676966368,0.021738053188577,0.19834213536553,0.443346348056593,0.001523777366582,0.023987399331932,0.000586777509258,0.000664651790195,0.801309272751066,0.023340520040662,0.03278114161985,0.054865185836715,0.055347963262682,,,,,,,,,,,,,,,,,,,,,,,,,,,,,,,,,,,,,,,,,,,,,,,,,,,,,,,,,,,,,,,,,,,,,,,,,,,,,,,,,,,,,,,,,
"Valle de Uco",0.087535820855101,1.57638968404671,8.90602499940224,16.8047865329985,10.0477337994827,0.042255351923177,0.006130375756647,0.016167367054731,0.241144877531273,2.75957387907255,0.003796680519575,0.0001,0.215389065399892,0.883942702119565,0.003234868713128,0.0001,0.138307835763202,0.119873747523313,0.001050967787171,0.008899906650599,0.0001,0.0001,0.023427741043539,0.049433383699864,0.004874278554017,0.016234865487235,0.016242840505863,,,,,,,,,,,,,,,,,,,,,,,,,,,,,,,,,,,,,,,,,,,,,,,,,,,,,,,,,,,,,,,,,,,,,,,,,,,,,,,,,,,,,,,,,
"Valle de Uco",0.098831737173292,5.5104233750556,32.0739276692896,3.51593101689149,32.106406910052,0.058600188614508,0.024902500908977,0.013138247570005,0.519049512719005,2.46722317024014,0.004213774894269,0.004301270637868,0.280912857379796,1.22420157900048,0.007601483971428,0.000864251106834,0.348368160695755,0.577161322799724,0.020649822376196,0.045861402636923,0.0001,0.001246058556146,0.040959422351922,0.060878969402797,0.020147796026231,0.030757037287809,0.031526557984722,,,,,,,,,,,,,,,,,,,,,,,,,,,,,,,,,,,,,,,,,,,,,,,,,,,,,,,,,,,,,,,,,,,,,,,,,,,,,,,,,,,,,,,,,
"Valle de Uco",0.11571984442407,2.37240135622378,22.8181972040342,9.34667901690649,28.6893235747034,0.356441128901821,0.021100103979639,0.029178245087213,0.752392155836844,10.7786248272398,0.00909631253135,0.006262504379732,0.440042153205424,2.30505863115424,0.013782662776694,0.0001,0.325591290478661,0.418763652021158,0.0001,0.011673171336693,0.0001,0.004824961705228,0.063234423854009,0.020845243112111,0.0001,0.865244943204075,0.879895879787965,,,,,,,,,,,,,,,,,,,,,,,,,,,,,,,,,,,,,,,,,,,,,,,,,,,,,,,,,,,,,,,,,,,,,,,,,,,,,,,,,,,,,,,,,
"Valle de Uco",0.095246895021621,1.35263936630419,7.47647661805974,2.07502538121861,9.28820219874419,0.050204998896728,0.001410163414211,0.002036107100531,0.203569361654829,2.07390355279931,0.005708946507936,0.003551753880008,0.142460001759429,1.32262957374517,0.001338416329187,0.0001,0.211901351851798,0.12155302588436,0.0001,0.008713123111766,0.0001,0.000259734792189,0.027074691675149,0.025988686346891,0.0001,0.062545925835711,0.064866050119361,,,,,,,,,,,,,,,,,,,,,,,,,,,,,,,,,,,,,,,,,,,,,,,,,,,,,,,,,,,,,,,,,,,,,,,,,,,,,,,,,,,,,,,,,
"Sur",0.027095815580879,2.69169506078721,30.7464643150198,3.53510532957924,33.312058761849,0.067179770391093,0.001272298449454,0.001024411071976,0.481327158069583,5.3105795561263,0.003811561134377,0.0001,0.335192512063743,2.94627315892761,0.00359766898798,0.0001,0.420789448118289,0.514845437656625,0.003369104966823,0.018357827067516,0.00135965443743,0.001496179151506,0.092235461211099,0.041963657484841,0.04126187996625,0.707453122618259,0.71640324524682,,,,,,,,,,,,,,,,,,,,,,,,,,,,,,,,,,,,,,,,,,,,,,,,,,,,,,,,,,,,,,,,,,,,,,,,,,,,,,,,,,,,,,,,,
"Sur",0.00363857397126,2.79176891908322,31.87590728262,3.68360489876046,33.8950100647331,0.060971367561968,0.001894202160362,0.00183628912019,0.500911750501824,5.44552847714034,0.003593172917524,0.0001,0.360054198390449,3.03841880461356,0.003127050063511,0.01684381137596,0.451470985123139,0.539581502038225,0.006135977306602,0.021383973622222,0.001453713005227,0.001917951580264,0.093017797577122,0.040631013776545,0.041242501637712,0.691635811744891,0.711261916632973,,,,,,,,,,,,,,,,,,,,,,,,,,,,,,,,,,,,,,,,,,,,,,,,,,,,,,,,,,,,,,,,,,,,,,,,,,,,,,,,,,,,,,,,,
"Sur",0.000706113475031,2.73701896217206,31.5637426725587,3.49124125422744,33.9001439663792,0.062446755835419,0.001323022715442,0.000672731224135,0.486904823143939,5.44797498067534,0.003574559450022,0.0001,0.366806822327544,2.95714425232664,0.003952263490192,0.0001,0.453147218386679,0.556670921839385,0.005560740135274,0.022381287887208,0.000784383628455,0.002149430866719,0.096067275383614,0.041442136330568,0.041821250845031,0.695858281119997,0.718327050877725,,,,,,,,,,,,,,,,,,,,,,,,,,,,,,,,,,,,,,,,,,,,,,,,,,,,,,,,,,,,,,,,,,,,,,,,,,,,,,,,,,,,,,,,,
"Noreste",0.0001,1.3343755259273,10.502711196198,1.51297813664739,17.3177121521744,0.048720939124662,0.001468341871712,0.006495927569721,0.281249429029396,3.84927905589889,0.006136197409919,0.026500488381272,0.176214473560486,2.36288680715571,0.000839467741937,0.003319540473635,0.165691473118524,0.194474923321456,0.0001,0.017528911542173,0.010852290623252,0.000962651670627,0.044992061776111,0.030265435318677,0.062189995336649,0.028419111685626,0.027778474873426,,,,,,,,,,,,,,,,,,,,,,,,,,,,,,,,,,,,,,,,,,,,,,,,,,,,,,,,,,,,,,,,,,,,,,,,,,,,,,,,,,,,,,,,,
"Noreste",0.0001,1.3714184515233,10.9110420658791,1.65197458378436,17.7480484227883,0.057811137955637,0.000503598840448,0.006676684652769,0.302288597593612,4.06838797357135,0.00591927720583,0.03014282391217,0.174593401652823,2.47800843374538,0.002727227143982,0.000151896316406,0.168619251195249,0.195963550754372,0.0001,0.019568496500505,0.009639814836685,0.001128017275862,0.047667961689884,0.029474655774175,0.06405267230802,0.03060365863615,0.029772712264684,,,,,,,,,,,,,,,,,,,,,,,,,,,,,,,,,,,,,,,,,,,,,,,,,,,,,,,,,,,,,,,,,,,,,,,,,,,,,,,,,,,,,,,,,
"Noreste",0.0001,1.3911960615322,10.9243083861822,1.64679596080399,18.0283374302149,0.041505957370902,0.001154474148573,0.00869895013535,0.291497466750055,4.12660931585131,0.005960484373526,0.031084083612374,0.17591463964323,2.4651171655673,0.002326578116825,0.007347324314606,0.169060984631989,0.195745464296323,0.0001,0.021586579278673,0.009268421492114,0.000694663248414,0.046587500881751,0.029067546896378,0.060930541847195,0.025056856250695,0.025861552332096,,,,,,,,,,,,,,,,,,,,,,,,,,,,,,,,,,,,,,,,,,,,,,,,,,,,,,,,,,,,,,,,,,,,,,,,,,,,,,,,,,,,,,,,,
"Valle de Uco",0.029485258854152,2.74169611235659,25.9295633191262,5.91645878665844,23.0784491279944,0.052970170544644,0.002085719257947,0.018140182378991,0.375672215569337,3.42876340596269,0.005744732547517,0.024152050312862,0.303137912507198,0.945871501144268,0.008234633492602,0.038968807690185,0.317346636577064,0.290832657620038,0.014511210526503,0.056624341182114,0.009571149487048,0.00359746385111,0.043367818759117,0.049298914608761,0.052650445688171,0.045884099421727,0.046556346642801,,,,,,,,,,,,,,,,,,,,,,,,,,,,,,,,,,,,,,,,,,,,,,,,,,,,,,,,,,,,,,,,,,,,,,,,,,,,,,,,,,,,,,,,,
"Valle de Uco",0.083191676028155,2.07528041971511,14.1256115646217,1.099536566555,14.077828200144,0.036231701487444,0.0001,0.001882020005702,0.281745249158375,1.42964344455834,0.004859228515139,0.026748517428603,0.201342264180879,0.793665926737086,0.004059011934102,0.017035864449304,0.186506250253886,0.185601382431526,0.0001,0.014942863964905,0.0001,0.00148226725747,0.065383659420491,0.093692211111181,0.0001,0.023989462374461,0.024565492138894,,,,,,,,,,,,,,,,,,,,,,,,,,,,,,,,,,,,,,,,,,,,,,,,,,,,,,,,,,,,,,,,,,,,,,,,,,,,,,,,,,,,,,,,,
"Valle de Uco",0.135379216478245,1.54026143522609,12.5986068951334,2.93086520055779,15.5088577458901,0.055027501972023,0.005335936263912,0.017101623000163,0.244414013150779,4.39381637052143,0.002429848725548,0.078509647010644,0.153339472761769,1.07338344354887,0.001704260788984,0.0001,0.155299865538091,0.169910204744971,0.0001,0.014330424788155,0.0001,0.000568960407965,0.019259606562772,0.040716817449189,0.00732144473588,0.012058696866093,0.01143015556141,,,,,,,,,,,,,,,,,,,,,,,,,,,,,,,,,,,,,,,,,,,,,,,,,,,,,,,,,,,,,,,,,,,,,,,,,,,,,,,,,,,,,,,,,
"Valle de Uco",0.082702118477693,2.60929847647233,18.4247677782272,7.15270417271991,16.3486613411244,0.079970992440798,0.001722764296638,0.016901836272305,0.271285930700595,2.83179881266848,0.005697436518846,0.028940770521243,0.301912981751631,0.922647304986956,0.006686406249325,0.0001,0.30032197392719,0.294314563381829,0.000648519473351,0.01102729387567,0.0001,0.001022737023068,0.193874562558079,0.02691841342223,0.012875365702619,0.021168881217003,0.021705572920969,,,,,,,,,,,,,,,,,,,,,,,,,,,,,,,,,,,,,,,,,,,,,,,,,,,,,,,,,,,,,,,,,,,,,,,,,,,,,,,,,,,,,,,,,
